"id_capacidad"|"num_habitaciones"|"num_camas"|"id_categoria"|"categoria"|"id_actividad"|"actividad"|"id_sub_actividad"|"sub_actividad"|"codigo_provincia"|"provincia"|"cod_canton"|"canton"|"codigo_clima"|"clima"
"1"|"6"|"11"|"23"|"2 ESTRELLAS"|"2"|"ALOJAMIENTO"|"17"|"HOSTAL"|"01"|"AZUAY"|"0115"|"CAMILO PONCE ENRIQUEZ"|\N|\N
"2"|"38"|"60"|"22"|"1 ESTRELLA"|"2"|"ALOJAMIENTO"|"17"|"HOSTAL"|"01"|"AZUAY"|"0115"|"CAMILO PONCE ENRIQUEZ"|\N|\N
"3"|"73"|"103"|"23"|"2 ESTRELLAS"|"2"|"ALOJAMIENTO"|"20"|"HOTEL"|"01"|"AZUAY"|"0115"|"CAMILO PONCE ENRIQUEZ"|\N|\N
"4"|"69"|"143"|"21"|"UNICA"|"2"|"ALOJAMIENTO"|"9"|"CASA DE HUESPEDES"|"01"|"AZUAY"|"0101"|"CUENCA"|"Cfbi"|"Húmedo de montaña"
"5"|"213"|"353"|"24"|"3 ESTRELLAS"|"2"|"ALOJAMIENTO"|"17"|"HOSTAL"|"01"|"AZUAY"|"0101"|"CUENCA"|"Cfbi"|"Húmedo de montaña"
"6"|"603"|"1180"|"23"|"2 ESTRELLAS"|"2"|"ALOJAMIENTO"|"17"|"HOSTAL"|"01"|"AZUAY"|"0101"|"CUENCA"|"Cfbi"|"Húmedo de montaña"
"7"|"1154"|"2182"|"22"|"1 ESTRELLA"|"2"|"ALOJAMIENTO"|"17"|"HOSTAL"|"01"|"AZUAY"|"0101"|"CUENCA"|"Cfbi"|"Húmedo de montaña"
"8"|"52"|"122"|"25"|"4 ESTRELLAS"|"2"|"ALOJAMIENTO"|"19"|"HOSTERIA"|"01"|"AZUAY"|"0101"|"CUENCA"|"Cfbi"|"Húmedo de montaña"
"9"|"58"|"154"|"24"|"3 ESTRELLAS"|"2"|"ALOJAMIENTO"|"19"|"HOSTERIA"|"01"|"AZUAY"|"0101"|"CUENCA"|"Cfbi"|"Húmedo de montaña"
"10"|"289"|"480"|"26"|"5 ESTRELLAS"|"2"|"ALOJAMIENTO"|"20"|"HOTEL"|"01"|"AZUAY"|"0101"|"CUENCA"|"Cfbi"|"Húmedo de montaña"
"11"|"384"|"677"|"25"|"4 ESTRELLAS"|"2"|"ALOJAMIENTO"|"20"|"HOTEL"|"01"|"AZUAY"|"0101"|"CUENCA"|"Cfbi"|"Húmedo de montaña"
"12"|"957"|"1860"|"24"|"3 ESTRELLAS"|"2"|"ALOJAMIENTO"|"20"|"HOTEL"|"01"|"AZUAY"|"0101"|"CUENCA"|"Cfbi"|"Húmedo de montaña"
"13"|"803"|"1672"|"23"|"2 ESTRELLAS"|"2"|"ALOJAMIENTO"|"20"|"HOTEL"|"01"|"AZUAY"|"0101"|"CUENCA"|"Cfbi"|"Húmedo de montaña"
"14"|"14"|"22"|"25"|"4 ESTRELLAS"|"2"|"ALOJAMIENTO"|"21"|"LODGE"|"01"|"AZUAY"|"0101"|"CUENCA"|"Cfbi"|"Húmedo de montaña"
"15"|"10"|"20"|"23"|"2 ESTRELLAS"|"2"|"ALOJAMIENTO"|"17"|"HOSTAL"|"01"|"AZUAY"|"0102"|"GIRON"|"Cfbi"|"Húmedo de montaña"
"16"|"11"|"28"|"25"|"4 ESTRELLAS"|"2"|"ALOJAMIENTO"|"19"|"HOSTERIA"|"01"|"AZUAY"|"0102"|"GIRON"|"Cfbi"|"Húmedo de montaña"
"17"|"59"|"186"|"24"|"3 ESTRELLAS"|"2"|"ALOJAMIENTO"|"19"|"HOSTERIA"|"01"|"AZUAY"|"0102"|"GIRON"|"Cfbi"|"Húmedo de montaña"
"18"|"16"|"36"|"22"|"1 ESTRELLA"|"2"|"ALOJAMIENTO"|"17"|"HOSTAL"|"01"|"AZUAY"|"0114"|"GUACHAPALA"|\N|\N
"19"|"12"|"12"|"24"|"3 ESTRELLAS"|"2"|"ALOJAMIENTO"|"17"|"HOSTAL"|"01"|"AZUAY"|"0103"|"GUALACEO"|"Cfbi"|"Húmedo de montaña"
"20"|"67"|"125"|"22"|"1 ESTRELLA"|"2"|"ALOJAMIENTO"|"17"|"HOSTAL"|"01"|"AZUAY"|"0103"|"GUALACEO"|"Cfbi"|"Húmedo de montaña"
"21"|"66"|"140"|"25"|"4 ESTRELLAS"|"2"|"ALOJAMIENTO"|"19"|"HOSTERIA"|"01"|"AZUAY"|"0103"|"GUALACEO"|"Cfbi"|"Húmedo de montaña"
"22"|"49"|"122"|"24"|"3 ESTRELLAS"|"2"|"ALOJAMIENTO"|"19"|"HOSTERIA"|"01"|"AZUAY"|"0103"|"GUALACEO"|"Cfbi"|"Húmedo de montaña"
"23"|"22"|"47"|"23"|"2 ESTRELLAS"|"2"|"ALOJAMIENTO"|"20"|"HOTEL"|"01"|"AZUAY"|"0103"|"GUALACEO"|"Cfbi"|"Húmedo de montaña"
"24"|"6"|"24"|"21"|"UNICA"|"2"|"ALOJAMIENTO"|"28"|"REFUGIO"|"01"|"AZUAY"|"0103"|"GUALACEO"|"Cfbi"|"Húmedo de montaña"
"25"|"4"|"24"|"21"|"UNICA"|"2"|"ALOJAMIENTO"|"28"|"REFUGIO"|"01"|"AZUAY"|"0104"|"NABON"|"Cfbi"|"Húmedo de montaña"
"26"|"12"|"21"|"22"|"1 ESTRELLA"|"2"|"ALOJAMIENTO"|"17"|"HOSTAL"|"01"|"AZUAY"|"0110"|"OÑA"|"Cfbi"|"Húmedo de montaña"
"27"|"10"|"24"|"24"|"3 ESTRELLAS"|"2"|"ALOJAMIENTO"|"16"|"HACIENDA TURISTICA"|"01"|"AZUAY"|"0105"|"PAUTE"|"Cfbi"|"Húmedo de montaña"
"28"|"65"|"123"|"25"|"4 ESTRELLAS"|"2"|"ALOJAMIENTO"|"19"|"HOSTERIA"|"01"|"AZUAY"|"0105"|"PAUTE"|"Cfbi"|"Húmedo de montaña"
"29"|"36"|"82"|"23"|"2 ESTRELLAS"|"2"|"ALOJAMIENTO"|"20"|"HOTEL"|"01"|"AZUAY"|"0105"|"PAUTE"|"Cfbi"|"Húmedo de montaña"
"30"|"13"|"19"|"22"|"1 ESTRELLA"|"2"|"ALOJAMIENTO"|"17"|"HOSTAL"|"01"|"AZUAY"|"0106"|"PUCARA"|\N|\N
"31"|"3"|"11"|"21"|"UNICA"|"2"|"ALOJAMIENTO"|"9"|"CASA DE HUESPEDES"|"01"|"AZUAY"|"0108"|"SANTA ISABEL"|\N|\N
"32"|"27"|"37"|"24"|"3 ESTRELLAS"|"2"|"ALOJAMIENTO"|"17"|"HOSTAL"|"01"|"AZUAY"|"0108"|"SANTA ISABEL"|\N|\N
"33"|"42"|"76"|"22"|"1 ESTRELLA"|"2"|"ALOJAMIENTO"|"17"|"HOSTAL"|"01"|"AZUAY"|"0108"|"SANTA ISABEL"|\N|\N
"34"|"113"|"236"|"24"|"3 ESTRELLAS"|"2"|"ALOJAMIENTO"|"19"|"HOSTERIA"|"01"|"AZUAY"|"0108"|"SANTA ISABEL"|\N|\N
"35"|"5"|"12"|"25"|"4 ESTRELLAS"|"2"|"ALOJAMIENTO"|"21"|"LODGE"|"01"|"AZUAY"|"0108"|"SANTA ISABEL"|\N|\N
"36"|"4"|"8"|"21"|"UNICA"|"2"|"ALOJAMIENTO"|"9"|"CASA DE HUESPEDES"|"01"|"AZUAY"|"0113"|"SEVILLA DE ORO"|\N|\N
"37"|"57"|"99"|"22"|"1 ESTRELLA"|"2"|"ALOJAMIENTO"|"17"|"HOSTAL"|"02"|"BOLIVAR"|"0206"|"CALUMA"|\N|\N
"38"|"17"|"41"|"24"|"3 ESTRELLAS"|"2"|"ALOJAMIENTO"|"19"|"HOSTERIA"|"02"|"BOLIVAR"|"0206"|"CALUMA"|\N|\N
"39"|"21"|"32"|"23"|"2 ESTRELLAS"|"2"|"ALOJAMIENTO"|"20"|"HOTEL"|"02"|"BOLIVAR"|"0206"|"CALUMA"|\N|\N
"40"|"21"|"42"|"22"|"1 ESTRELLA"|"2"|"ALOJAMIENTO"|"17"|"HOSTAL"|"02"|"BOLIVAR"|"0202"|"CHILLANES"|\N|\N
"41"|"33"|"73"|"22"|"1 ESTRELLA"|"2"|"ALOJAMIENTO"|"17"|"HOSTAL"|"02"|"BOLIVAR"|"0203"|"CHIMBO"|\N|\N
"42"|"28"|"56"|"22"|"1 ESTRELLA"|"2"|"ALOJAMIENTO"|"17"|"HOSTAL"|"02"|"BOLIVAR"|"0204"|"ECHEANDIA"|\N|\N
"43"|"20"|"28"|"24"|"3 ESTRELLAS"|"2"|"ALOJAMIENTO"|"17"|"HOSTAL"|"02"|"BOLIVAR"|"0201"|"GUARANDA"|\N|\N
"44"|"173"|"381"|"22"|"1 ESTRELLA"|"2"|"ALOJAMIENTO"|"17"|"HOSTAL"|"02"|"BOLIVAR"|"0201"|"GUARANDA"|\N|\N
"45"|"206"|"452"|"23"|"2 ESTRELLAS"|"2"|"ALOJAMIENTO"|"20"|"HOTEL"|"02"|"BOLIVAR"|"0201"|"GUARANDA"|\N|\N
"46"|"23"|"50"|"23"|"2 ESTRELLAS"|"2"|"ALOJAMIENTO"|"20"|"HOTEL"|"02"|"BOLIVAR"|"0207"|"LAS NAVES"|\N|\N
"47"|"39"|"79"|"22"|"1 ESTRELLA"|"2"|"ALOJAMIENTO"|"17"|"HOSTAL"|"02"|"BOLIVAR"|"0205"|"SAN MIGUEL"|\N|\N
"48"|"30"|"52"|"23"|"2 ESTRELLAS"|"2"|"ALOJAMIENTO"|"20"|"HOTEL"|"02"|"BOLIVAR"|"0205"|"SAN MIGUEL"|\N|\N
"49"|"24"|"36"|"23"|"2 ESTRELLAS"|"2"|"ALOJAMIENTO"|"17"|"HOSTAL"|"03"|"CAÑAR"|"0301"|"AZOGUES"|\N|\N
"50"|"27"|"68"|"22"|"1 ESTRELLA"|"2"|"ALOJAMIENTO"|"17"|"HOSTAL"|"03"|"CAÑAR"|"0301"|"AZOGUES"|\N|\N
"51"|"6"|"7"|"24"|"3 ESTRELLAS"|"2"|"ALOJAMIENTO"|"19"|"HOSTERIA"|"03"|"CAÑAR"|"0301"|"AZOGUES"|\N|\N
"52"|"54"|"92"|"24"|"3 ESTRELLAS"|"2"|"ALOJAMIENTO"|"20"|"HOTEL"|"03"|"CAÑAR"|"0301"|"AZOGUES"|\N|\N
"53"|"113"|"190"|"23"|"2 ESTRELLAS"|"2"|"ALOJAMIENTO"|"20"|"HOTEL"|"03"|"CAÑAR"|"0301"|"AZOGUES"|\N|\N
"54"|"32"|"49"|"23"|"2 ESTRELLAS"|"2"|"ALOJAMIENTO"|"20"|"HOTEL"|"03"|"CAÑAR"|"0302"|"BIBLIAN"|\N|\N
"55"|"4"|"6"|"21"|"UNICA"|"2"|"ALOJAMIENTO"|"9"|"CASA DE HUESPEDES"|"03"|"CAÑAR"|"0303"|"CAÑAR"|\N|\N
"56"|"13"|"18"|"22"|"1 ESTRELLA"|"2"|"ALOJAMIENTO"|"17"|"HOSTAL"|"03"|"CAÑAR"|"0303"|"CAÑAR"|\N|\N
"57"|"38"|"89"|"24"|"3 ESTRELLAS"|"2"|"ALOJAMIENTO"|"19"|"HOSTERIA"|"03"|"CAÑAR"|"0303"|"CAÑAR"|\N|\N
"58"|"53"|"86"|"23"|"2 ESTRELLAS"|"2"|"ALOJAMIENTO"|"20"|"HOTEL"|"03"|"CAÑAR"|"0303"|"CAÑAR"|\N|\N
"59"|"29"|"62"|"23"|"2 ESTRELLAS"|"2"|"ALOJAMIENTO"|"17"|"HOSTAL"|"03"|"CAÑAR"|"0305"|"EL TAMBO"|\N|\N
"60"|"19"|"30"|"22"|"1 ESTRELLA"|"2"|"ALOJAMIENTO"|"17"|"HOSTAL"|"03"|"CAÑAR"|"0305"|"EL TAMBO"|\N|\N
"61"|"34"|"71"|"24"|"3 ESTRELLAS"|"2"|"ALOJAMIENTO"|"19"|"HOSTERIA"|"03"|"CAÑAR"|"0305"|"EL TAMBO"|\N|\N
"62"|"16"|"26"|"23"|"2 ESTRELLAS"|"2"|"ALOJAMIENTO"|"20"|"HOTEL"|"03"|"CAÑAR"|"0305"|"EL TAMBO"|\N|\N
"63"|"10"|"19"|"24"|"3 ESTRELLAS"|"2"|"ALOJAMIENTO"|"16"|"HACIENDA TURISTICA"|"03"|"CAÑAR"|"0304"|"LA TRONCAL"|\N|\N
"64"|"23"|"34"|"23"|"2 ESTRELLAS"|"2"|"ALOJAMIENTO"|"17"|"HOSTAL"|"03"|"CAÑAR"|"0304"|"LA TRONCAL"|\N|\N
"65"|"172"|"225"|"22"|"1 ESTRELLA"|"2"|"ALOJAMIENTO"|"17"|"HOSTAL"|"03"|"CAÑAR"|"0304"|"LA TRONCAL"|\N|\N
"66"|"19"|"33"|"24"|"3 ESTRELLAS"|"2"|"ALOJAMIENTO"|"19"|"HOSTERIA"|"03"|"CAÑAR"|"0304"|"LA TRONCAL"|\N|\N
"67"|"20"|"30"|"25"|"4 ESTRELLAS"|"2"|"ALOJAMIENTO"|"20"|"HOTEL"|"03"|"CAÑAR"|"0304"|"LA TRONCAL"|\N|\N
"68"|"44"|"62"|"24"|"3 ESTRELLAS"|"2"|"ALOJAMIENTO"|"20"|"HOTEL"|"03"|"CAÑAR"|"0304"|"LA TRONCAL"|\N|\N
"69"|"16"|"22"|"23"|"2 ESTRELLAS"|"2"|"ALOJAMIENTO"|"20"|"HOTEL"|"03"|"CAÑAR"|"0307"|"SUSCAL"|\N|\N
"70"|"22"|"58"|"25"|"4 ESTRELLAS"|"2"|"ALOJAMIENTO"|"19"|"HOSTERIA"|"04"|"CARCHI"|"0403"|"ESPEJO"|\N|\N
"71"|"8"|"13"|"25"|"4 ESTRELLAS"|"2"|"ALOJAMIENTO"|"19"|"HOSTERIA"|"04"|"CARCHI"|"0404"|"MIRA"|\N|\N
"72"|"20"|"34"|"23"|"2 ESTRELLAS"|"2"|"ALOJAMIENTO"|"17"|"HOSTAL"|"04"|"CARCHI"|"0405"|"MONTUFAR"|\N|\N
"73"|"42"|"88"|"23"|"2 ESTRELLAS"|"2"|"ALOJAMIENTO"|"20"|"HOTEL"|"04"|"CARCHI"|"0405"|"MONTUFAR"|\N|\N
"74"|"10"|"10"|"21"|"UNICA"|"2"|"ALOJAMIENTO"|"8"|"CAMPAMENTO TURISTICO"|"04"|"CARCHI"|"0406"|"SAN PEDRO DE HUACA"|\N|\N
"75"|"4"|"12"|"21"|"UNICA"|"2"|"ALOJAMIENTO"|"9"|"CASA DE HUESPEDES"|"04"|"CARCHI"|"0406"|"SAN PEDRO DE HUACA"|\N|\N
"76"|"18"|"43"|"24"|"3 ESTRELLAS"|"2"|"ALOJAMIENTO"|"17"|"HOSTAL"|"04"|"CARCHI"|"0401"|"TULCAN"|\N|\N
"77"|"150"|"297"|"23"|"2 ESTRELLAS"|"2"|"ALOJAMIENTO"|"17"|"HOSTAL"|"04"|"CARCHI"|"0401"|"TULCAN"|\N|\N
"78"|"144"|"343"|"22"|"1 ESTRELLA"|"2"|"ALOJAMIENTO"|"17"|"HOSTAL"|"04"|"CARCHI"|"0401"|"TULCAN"|\N|\N
"79"|"3"|"6"|"21"|"UNICA"|"2"|"ALOJAMIENTO"|"9"|"CASA DE HUESPEDES"|"05"|"COTOPAXI"|"0502"|"LA MANA"|\N|\N
"80"|"20"|"33"|"23"|"2 ESTRELLAS"|"2"|"ALOJAMIENTO"|"17"|"HOSTAL"|"05"|"COTOPAXI"|"0502"|"LA MANA"|\N|\N
"81"|"82"|"165"|"22"|"1 ESTRELLA"|"2"|"ALOJAMIENTO"|"17"|"HOSTAL"|"05"|"COTOPAXI"|"0502"|"LA MANA"|\N|\N
"82"|"45"|"84"|"24"|"3 ESTRELLAS"|"2"|"ALOJAMIENTO"|"19"|"HOSTERIA"|"05"|"COTOPAXI"|"0502"|"LA MANA"|\N|\N
"83"|"70"|"146"|"25"|"4 ESTRELLAS"|"2"|"ALOJAMIENTO"|"20"|"HOTEL"|"05"|"COTOPAXI"|"0502"|"LA MANA"|\N|\N
"84"|"20"|"28"|"24"|"3 ESTRELLAS"|"2"|"ALOJAMIENTO"|"20"|"HOTEL"|"05"|"COTOPAXI"|"0502"|"LA MANA"|\N|\N
"85"|"133"|"198"|"23"|"2 ESTRELLAS"|"2"|"ALOJAMIENTO"|"20"|"HOTEL"|"05"|"COTOPAXI"|"0502"|"LA MANA"|\N|\N
"86"|"4"|"6"|"21"|"UNICA"|"2"|"ALOJAMIENTO"|"9"|"CASA DE HUESPEDES"|"05"|"COTOPAXI"|"0501"|"LATACUNGA"|\N|\N
"87"|"17"|"29"|"24"|"3 ESTRELLAS"|"2"|"ALOJAMIENTO"|"16"|"HACIENDA TURISTICA"|"05"|"COTOPAXI"|"0501"|"LATACUNGA"|\N|\N
"88"|"19"|"41"|"24"|"3 ESTRELLAS"|"2"|"ALOJAMIENTO"|"17"|"HOSTAL"|"05"|"COTOPAXI"|"0501"|"LATACUNGA"|\N|\N
"89"|"156"|"293"|"23"|"2 ESTRELLAS"|"2"|"ALOJAMIENTO"|"17"|"HOSTAL"|"05"|"COTOPAXI"|"0501"|"LATACUNGA"|\N|\N
"90"|"153"|"253"|"22"|"1 ESTRELLA"|"2"|"ALOJAMIENTO"|"17"|"HOSTAL"|"05"|"COTOPAXI"|"0501"|"LATACUNGA"|\N|\N
"91"|"35"|"76"|"25"|"4 ESTRELLAS"|"2"|"ALOJAMIENTO"|"19"|"HOSTERIA"|"05"|"COTOPAXI"|"0501"|"LATACUNGA"|\N|\N
"92"|"99"|"229"|"24"|"3 ESTRELLAS"|"2"|"ALOJAMIENTO"|"19"|"HOSTERIA"|"05"|"COTOPAXI"|"0501"|"LATACUNGA"|\N|\N
"93"|"44"|"79"|"25"|"4 ESTRELLAS"|"2"|"ALOJAMIENTO"|"20"|"HOTEL"|"05"|"COTOPAXI"|"0501"|"LATACUNGA"|\N|\N
"94"|"70"|"144"|"24"|"3 ESTRELLAS"|"2"|"ALOJAMIENTO"|"20"|"HOTEL"|"05"|"COTOPAXI"|"0501"|"LATACUNGA"|\N|\N
"95"|"346"|"573"|"23"|"2 ESTRELLAS"|"2"|"ALOJAMIENTO"|"20"|"HOTEL"|"05"|"COTOPAXI"|"0501"|"LATACUNGA"|\N|\N
"96"|"5"|"58"|"21"|"UNICA"|"2"|"ALOJAMIENTO"|"28"|"REFUGIO"|"05"|"COTOPAXI"|"0501"|"LATACUNGA"|\N|\N
"97"|"40"|"75"|"22"|"1 ESTRELLA"|"2"|"ALOJAMIENTO"|"17"|"HOSTAL"|"05"|"COTOPAXI"|"0503"|"PANGUA"|\N|\N
"98"|"7"|"19"|"24"|"3 ESTRELLAS"|"2"|"ALOJAMIENTO"|"16"|"HACIENDA TURISTICA"|"05"|"COTOPAXI"|"0504"|"PUJILI"|\N|\N
"99"|"29"|"67"|"23"|"2 ESTRELLAS"|"2"|"ALOJAMIENTO"|"17"|"HOSTAL"|"05"|"COTOPAXI"|"0504"|"PUJILI"|\N|\N
"100"|"18"|"40"|"22"|"1 ESTRELLA"|"2"|"ALOJAMIENTO"|"17"|"HOSTAL"|"05"|"COTOPAXI"|"0504"|"PUJILI"|\N|\N
"101"|"63"|"164"|"24"|"3 ESTRELLAS"|"2"|"ALOJAMIENTO"|"19"|"HOSTERIA"|"05"|"COTOPAXI"|"0504"|"PUJILI"|\N|\N
"102"|"6"|"6"|"23"|"2 ESTRELLAS"|"2"|"ALOJAMIENTO"|"20"|"HOTEL"|"05"|"COTOPAXI"|"0504"|"PUJILI"|\N|\N
"103"|"14"|"30"|"22"|"1 ESTRELLA"|"2"|"ALOJAMIENTO"|"17"|"HOSTAL"|"05"|"COTOPAXI"|"0505"|"SALCEDO"|\N|\N
"104"|"42"|"101"|"25"|"4 ESTRELLAS"|"2"|"ALOJAMIENTO"|"19"|"HOSTERIA"|"05"|"COTOPAXI"|"0505"|"SALCEDO"|\N|\N
"105"|"49"|"142"|"24"|"3 ESTRELLAS"|"2"|"ALOJAMIENTO"|"19"|"HOSTERIA"|"05"|"COTOPAXI"|"0505"|"SALCEDO"|\N|\N
"106"|"16"|"39"|"23"|"2 ESTRELLAS"|"2"|"ALOJAMIENTO"|"20"|"HOTEL"|"05"|"COTOPAXI"|"0505"|"SALCEDO"|\N|\N
"107"|"18"|"27"|"22"|"1 ESTRELLA"|"2"|"ALOJAMIENTO"|"17"|"HOSTAL"|"05"|"COTOPAXI"|"0506"|"SAQUISILI"|\N|\N
"108"|"10"|"35"|"24"|"3 ESTRELLAS"|"2"|"ALOJAMIENTO"|"19"|"HOSTERIA"|"05"|"COTOPAXI"|"0506"|"SAQUISILI"|\N|\N
"109"|"0"|"0"|"21"|"UNICA"|"2"|"ALOJAMIENTO"|"8"|"CAMPAMENTO TURISTICO"|"05"|"COTOPAXI"|"0507"|"SIGCHOS"|\N|\N
"110"|"18"|"48"|"24"|"3 ESTRELLAS"|"2"|"ALOJAMIENTO"|"17"|"HOSTAL"|"05"|"COTOPAXI"|"0507"|"SIGCHOS"|\N|\N
"111"|"22"|"49"|"23"|"2 ESTRELLAS"|"2"|"ALOJAMIENTO"|"17"|"HOSTAL"|"05"|"COTOPAXI"|"0507"|"SIGCHOS"|\N|\N
"112"|"49"|"111"|"22"|"1 ESTRELLA"|"2"|"ALOJAMIENTO"|"17"|"HOSTAL"|"05"|"COTOPAXI"|"0507"|"SIGCHOS"|\N|\N
"113"|"18"|"38"|"26"|"5 ESTRELLAS"|"2"|"ALOJAMIENTO"|"19"|"HOSTERIA"|"05"|"COTOPAXI"|"0507"|"SIGCHOS"|\N|\N
"114"|"38"|"101"|"24"|"3 ESTRELLAS"|"2"|"ALOJAMIENTO"|"19"|"HOSTERIA"|"05"|"COTOPAXI"|"0507"|"SIGCHOS"|\N|\N
"115"|"56"|"113"|"23"|"2 ESTRELLAS"|"2"|"ALOJAMIENTO"|"17"|"HOSTAL"|"06"|"CHIMBORAZO"|"0602"|"ALAUSI"|\N|\N
"116"|"62"|"148"|"22"|"1 ESTRELLA"|"2"|"ALOJAMIENTO"|"17"|"HOSTAL"|"06"|"CHIMBORAZO"|"0602"|"ALAUSI"|\N|\N
"117"|"56"|"155"|"24"|"3 ESTRELLAS"|"2"|"ALOJAMIENTO"|"19"|"HOSTERIA"|"06"|"CHIMBORAZO"|"0602"|"ALAUSI"|\N|\N
"118"|"21"|"41"|"24"|"3 ESTRELLAS"|"2"|"ALOJAMIENTO"|"20"|"HOTEL"|"06"|"CHIMBORAZO"|"0602"|"ALAUSI"|\N|\N
"119"|"18"|"53"|"25"|"4 ESTRELLAS"|"2"|"ALOJAMIENTO"|"21"|"LODGE"|"06"|"CHIMBORAZO"|"0602"|"ALAUSI"|\N|\N
"120"|"23"|"53"|"23"|"2 ESTRELLAS"|"2"|"ALOJAMIENTO"|"20"|"HOTEL"|"06"|"CHIMBORAZO"|"0605"|"CHUNCHI"|\N|\N
"121"|"20"|"47"|"22"|"1 ESTRELLA"|"2"|"ALOJAMIENTO"|"17"|"HOSTAL"|"06"|"CHIMBORAZO"|"0603"|"COLTA"|\N|\N
"122"|"19"|"49"|"21"|"UNICA"|"2"|"ALOJAMIENTO"|"8"|"CAMPAMENTO TURISTICO"|"06"|"CHIMBORAZO"|"0610"|"CUMANDA"|\N|\N
"123"|"16"|"34"|"22"|"1 ESTRELLA"|"2"|"ALOJAMIENTO"|"17"|"HOSTAL"|"06"|"CHIMBORAZO"|"0610"|"CUMANDA"|\N|\N
"124"|"39"|"140"|"24"|"3 ESTRELLAS"|"2"|"ALOJAMIENTO"|"19"|"HOSTERIA"|"06"|"CHIMBORAZO"|"0610"|"CUMANDA"|\N|\N
"125"|"24"|"40"|"23"|"2 ESTRELLAS"|"2"|"ALOJAMIENTO"|"17"|"HOSTAL"|"06"|"CHIMBORAZO"|"0606"|"GUAMOTE"|\N|\N
"126"|"3"|"4"|"21"|"UNICA"|"2"|"ALOJAMIENTO"|"9"|"CASA DE HUESPEDES"|"06"|"CHIMBORAZO"|"0607"|"GUANO"|\N|\N
"127"|"33"|"53"|"26"|"5 ESTRELLAS"|"2"|"ALOJAMIENTO"|"19"|"HOSTERIA"|"06"|"CHIMBORAZO"|"0607"|"GUANO"|\N|\N
"128"|"50"|"94"|"24"|"3 ESTRELLAS"|"2"|"ALOJAMIENTO"|"19"|"HOSTERIA"|"06"|"CHIMBORAZO"|"0607"|"GUANO"|\N|\N
"129"|"38"|"83"|"23"|"2 ESTRELLAS"|"2"|"ALOJAMIENTO"|"20"|"HOTEL"|"06"|"CHIMBORAZO"|"0607"|"GUANO"|\N|\N
"130"|"14"|"29"|"22"|"1 ESTRELLA"|"2"|"ALOJAMIENTO"|"17"|"HOSTAL"|"06"|"CHIMBORAZO"|"0608"|"PALLATANGA"|\N|\N
"131"|"23"|"38"|"25"|"4 ESTRELLAS"|"2"|"ALOJAMIENTO"|"19"|"HOSTERIA"|"06"|"CHIMBORAZO"|"0608"|"PALLATANGA"|\N|\N
"132"|"9"|"14"|"21"|"UNICA"|"2"|"ALOJAMIENTO"|"9"|"CASA DE HUESPEDES"|"06"|"CHIMBORAZO"|"0601"|"RIOBAMBA"|\N|\N
"133"|"38"|"62"|"24"|"3 ESTRELLAS"|"2"|"ALOJAMIENTO"|"17"|"HOSTAL"|"06"|"CHIMBORAZO"|"0601"|"RIOBAMBA"|\N|\N
"134"|"100"|"166"|"23"|"2 ESTRELLAS"|"2"|"ALOJAMIENTO"|"17"|"HOSTAL"|"06"|"CHIMBORAZO"|"0601"|"RIOBAMBA"|\N|\N
"135"|"395"|"702"|"22"|"1 ESTRELLA"|"2"|"ALOJAMIENTO"|"17"|"HOSTAL"|"06"|"CHIMBORAZO"|"0601"|"RIOBAMBA"|\N|\N
"136"|"7"|"20"|"25"|"4 ESTRELLAS"|"2"|"ALOJAMIENTO"|"19"|"HOSTERIA"|"06"|"CHIMBORAZO"|"0601"|"RIOBAMBA"|\N|\N
"137"|"106"|"309"|"24"|"3 ESTRELLAS"|"2"|"ALOJAMIENTO"|"19"|"HOSTERIA"|"06"|"CHIMBORAZO"|"0601"|"RIOBAMBA"|\N|\N
"138"|"26"|"42"|"25"|"4 ESTRELLAS"|"2"|"ALOJAMIENTO"|"20"|"HOTEL"|"06"|"CHIMBORAZO"|"0601"|"RIOBAMBA"|\N|\N
"139"|"255"|"445"|"24"|"3 ESTRELLAS"|"2"|"ALOJAMIENTO"|"20"|"HOTEL"|"06"|"CHIMBORAZO"|"0601"|"RIOBAMBA"|\N|\N
"140"|"386"|"697"|"23"|"2 ESTRELLAS"|"2"|"ALOJAMIENTO"|"20"|"HOTEL"|"06"|"CHIMBORAZO"|"0601"|"RIOBAMBA"|\N|\N
"141"|"4"|"8"|"21"|"UNICA"|"2"|"ALOJAMIENTO"|"28"|"REFUGIO"|"06"|"CHIMBORAZO"|"0601"|"RIOBAMBA"|\N|\N
"142"|"8"|"16"|"25"|"4 ESTRELLAS"|"2"|"ALOJAMIENTO"|"19"|"HOSTERIA"|"07"|"EL ORO"|"0702"|"ARENILLAS"|\N|\N
"143"|"5"|"10"|"24"|"3 ESTRELLAS"|"2"|"ALOJAMIENTO"|"19"|"HOSTERIA"|"07"|"EL ORO"|"0702"|"ARENILLAS"|\N|\N
"144"|"12"|"24"|"23"|"2 ESTRELLAS"|"2"|"ALOJAMIENTO"|"20"|"HOTEL"|"07"|"EL ORO"|"0702"|"ARENILLAS"|\N|\N
"145"|"137"|"210"|"26"|"5 ESTRELLAS"|"2"|"ALOJAMIENTO"|"29"|"RESORT"|"07"|"EL ORO"|"0702"|"ARENILLAS"|\N|\N
"146"|"9"|"17"|"25"|"4 ESTRELLAS"|"2"|"ALOJAMIENTO"|"19"|"HOSTERIA"|"07"|"EL ORO"|"0704"|"BALSAS"|\N|\N
"147"|"14"|"28"|"22"|"1 ESTRELLA"|"2"|"ALOJAMIENTO"|"17"|"HOSTAL"|"07"|"EL ORO"|"0706"|"EL GUABO"|\N|\N
"148"|"35"|"35"|"25"|"4 ESTRELLAS"|"2"|"ALOJAMIENTO"|"20"|"HOTEL"|"07"|"EL ORO"|"0706"|"EL GUABO"|\N|\N
"149"|"28"|"32"|"24"|"3 ESTRELLAS"|"2"|"ALOJAMIENTO"|"20"|"HOTEL"|"07"|"EL ORO"|"0706"|"EL GUABO"|\N|\N
"150"|"48"|"80"|"23"|"2 ESTRELLAS"|"2"|"ALOJAMIENTO"|"17"|"HOSTAL"|"07"|"EL ORO"|"0707"|"HUAQUILLAS"|\N|\N
"151"|"205"|"351"|"22"|"1 ESTRELLA"|"2"|"ALOJAMIENTO"|"17"|"HOSTAL"|"07"|"EL ORO"|"0707"|"HUAQUILLAS"|\N|\N
"152"|"86"|"149"|"24"|"3 ESTRELLAS"|"2"|"ALOJAMIENTO"|"20"|"HOTEL"|"07"|"EL ORO"|"0707"|"HUAQUILLAS"|\N|\N
"153"|"169"|"246"|"23"|"2 ESTRELLAS"|"2"|"ALOJAMIENTO"|"20"|"HOTEL"|"07"|"EL ORO"|"0707"|"HUAQUILLAS"|\N|\N
"154"|"28"|"86"|"25"|"4 ESTRELLAS"|"2"|"ALOJAMIENTO"|"29"|"RESORT"|"07"|"EL ORO"|"0707"|"HUAQUILLAS"|\N|\N
"155"|"15"|"21"|"24"|"3 ESTRELLAS"|"2"|"ALOJAMIENTO"|"17"|"HOSTAL"|"07"|"EL ORO"|"0714"|"LAS LAJAS"|\N|\N
"156"|"30"|"57"|"24"|"3 ESTRELLAS"|"2"|"ALOJAMIENTO"|"17"|"HOSTAL"|"07"|"EL ORO"|"0701"|"MACHALA"|\N|\N
"157"|"108"|"152"|"23"|"2 ESTRELLAS"|"2"|"ALOJAMIENTO"|"17"|"HOSTAL"|"07"|"EL ORO"|"0701"|"MACHALA"|\N|\N
"158"|"357"|"664"|"22"|"1 ESTRELLA"|"2"|"ALOJAMIENTO"|"17"|"HOSTAL"|"07"|"EL ORO"|"0701"|"MACHALA"|\N|\N
"159"|"29"|"29"|"24"|"3 ESTRELLAS"|"2"|"ALOJAMIENTO"|"17"|"HOSTAL"|"07"|"EL ORO"|"0701"|"MACHALA"|\N|\N
"160"|"22"|"32"|"23"|"2 ESTRELLAS"|"2"|"ALOJAMIENTO"|"17"|"HOSTAL"|"07"|"EL ORO"|"0701"|"MACHALA"|\N|\N
"161"|"69"|"117"|"26"|"5 ESTRELLAS"|"2"|"ALOJAMIENTO"|"20"|"HOTEL"|"07"|"EL ORO"|"0701"|"MACHALA"|\N|\N
"162"|"123"|"206"|"25"|"4 ESTRELLAS"|"2"|"ALOJAMIENTO"|"20"|"HOTEL"|"07"|"EL ORO"|"0701"|"MACHALA"|\N|\N
"163"|"314"|"502"|"24"|"3 ESTRELLAS"|"2"|"ALOJAMIENTO"|"20"|"HOTEL"|"07"|"EL ORO"|"0701"|"MACHALA"|\N|\N
"164"|"618"|"1025"|"23"|"2 ESTRELLAS"|"2"|"ALOJAMIENTO"|"20"|"HOTEL"|"07"|"EL ORO"|"0701"|"MACHALA"|\N|\N
"165"|"81"|"147"|"22"|"1 ESTRELLA"|"2"|"ALOJAMIENTO"|"17"|"HOSTAL"|"07"|"EL ORO"|"0709"|"PASAJE"|\N|\N
"166"|"21"|"41"|"24"|"3 ESTRELLAS"|"2"|"ALOJAMIENTO"|"19"|"HOSTERIA"|"07"|"EL ORO"|"0709"|"PASAJE"|\N|\N
"167"|"11"|"27"|"23"|"2 ESTRELLAS"|"2"|"ALOJAMIENTO"|"20"|"HOTEL"|"07"|"EL ORO"|"0709"|"PASAJE"|\N|\N
"168"|"27"|"27"|"23"|"2 ESTRELLAS"|"2"|"ALOJAMIENTO"|"17"|"HOSTAL"|"07"|"EL ORO"|"0710"|"PIÑAS"|\N|\N
"169"|"9"|"16"|"22"|"1 ESTRELLA"|"2"|"ALOJAMIENTO"|"17"|"HOSTAL"|"07"|"EL ORO"|"0710"|"PIÑAS"|\N|\N
"170"|"48"|"124"|"24"|"3 ESTRELLAS"|"2"|"ALOJAMIENTO"|"19"|"HOSTERIA"|"07"|"EL ORO"|"0710"|"PIÑAS"|\N|\N
"171"|"50"|"94"|"23"|"2 ESTRELLAS"|"2"|"ALOJAMIENTO"|"20"|"HOTEL"|"07"|"EL ORO"|"0710"|"PIÑAS"|\N|\N
"172"|"7"|"14"|"25"|"4 ESTRELLAS"|"2"|"ALOJAMIENTO"|"21"|"LODGE"|"07"|"EL ORO"|"0710"|"PIÑAS"|\N|\N
"173"|"27"|"40"|"23"|"2 ESTRELLAS"|"2"|"ALOJAMIENTO"|"17"|"HOSTAL"|"07"|"EL ORO"|"0711"|"PORTOVELO"|\N|\N
"174"|"47"|"63"|"24"|"3 ESTRELLAS"|"2"|"ALOJAMIENTO"|"17"|"HOSTAL"|"07"|"EL ORO"|"0712"|"SANTA ROSA"|\N|\N
"175"|"43"|"53"|"23"|"2 ESTRELLAS"|"2"|"ALOJAMIENTO"|"17"|"HOSTAL"|"07"|"EL ORO"|"0712"|"SANTA ROSA"|\N|\N
"176"|"16"|"31"|"22"|"1 ESTRELLA"|"2"|"ALOJAMIENTO"|"17"|"HOSTAL"|"07"|"EL ORO"|"0712"|"SANTA ROSA"|\N|\N
"177"|"16"|"32"|"25"|"4 ESTRELLAS"|"2"|"ALOJAMIENTO"|"19"|"HOSTERIA"|"07"|"EL ORO"|"0712"|"SANTA ROSA"|\N|\N
"178"|"6"|"6"|"24"|"3 ESTRELLAS"|"2"|"ALOJAMIENTO"|"19"|"HOSTERIA"|"07"|"EL ORO"|"0712"|"SANTA ROSA"|\N|\N
"179"|"35"|"83"|"24"|"3 ESTRELLAS"|"2"|"ALOJAMIENTO"|"20"|"HOTEL"|"07"|"EL ORO"|"0712"|"SANTA ROSA"|\N|\N
"180"|"58"|"115"|"22"|"1 ESTRELLA"|"2"|"ALOJAMIENTO"|"17"|"HOSTAL"|"07"|"EL ORO"|"0713"|"ZARUMA"|\N|\N
"181"|"18"|"35"|"24"|"3 ESTRELLAS"|"2"|"ALOJAMIENTO"|"19"|"HOSTERIA"|"07"|"EL ORO"|"0713"|"ZARUMA"|\N|\N
"182"|"26"|"51"|"24"|"3 ESTRELLAS"|"2"|"ALOJAMIENTO"|"20"|"HOTEL"|"07"|"EL ORO"|"0713"|"ZARUMA"|\N|\N
"183"|"33"|"65"|"23"|"2 ESTRELLAS"|"2"|"ALOJAMIENTO"|"20"|"HOTEL"|"07"|"EL ORO"|"0713"|"ZARUMA"|\N|\N
"184"|"4"|"16"|"21"|"UNICA"|"2"|"ALOJAMIENTO"|"9"|"CASA DE HUESPEDES"|"08"|"ESMERALDAS"|"0806"|"ATACAMES"|\N|\N
"185"|"133"|"404"|"24"|"3 ESTRELLAS"|"2"|"ALOJAMIENTO"|"17"|"HOSTAL"|"08"|"ESMERALDAS"|"0806"|"ATACAMES"|\N|\N
"186"|"278"|"929"|"23"|"2 ESTRELLAS"|"2"|"ALOJAMIENTO"|"17"|"HOSTAL"|"08"|"ESMERALDAS"|"0806"|"ATACAMES"|\N|\N
"187"|"592"|"2017"|"22"|"1 ESTRELLA"|"2"|"ALOJAMIENTO"|"17"|"HOSTAL"|"08"|"ESMERALDAS"|"0806"|"ATACAMES"|\N|\N
"188"|"46"|"134"|"25"|"4 ESTRELLAS"|"2"|"ALOJAMIENTO"|"19"|"HOSTERIA"|"08"|"ESMERALDAS"|"0806"|"ATACAMES"|\N|\N
"189"|"133"|"518"|"24"|"3 ESTRELLAS"|"2"|"ALOJAMIENTO"|"19"|"HOSTERIA"|"08"|"ESMERALDAS"|"0806"|"ATACAMES"|\N|\N
"190"|"243"|"640"|"25"|"4 ESTRELLAS"|"2"|"ALOJAMIENTO"|"20"|"HOTEL"|"08"|"ESMERALDAS"|"0806"|"ATACAMES"|\N|\N
"191"|"503"|"1464"|"24"|"3 ESTRELLAS"|"2"|"ALOJAMIENTO"|"20"|"HOTEL"|"08"|"ESMERALDAS"|"0806"|"ATACAMES"|\N|\N
"192"|"1116"|"3232"|"23"|"2 ESTRELLAS"|"2"|"ALOJAMIENTO"|"20"|"HOTEL"|"08"|"ESMERALDAS"|"0806"|"ATACAMES"|\N|\N
"193"|"36"|"131"|"25"|"4 ESTRELLAS"|"2"|"ALOJAMIENTO"|"29"|"RESORT"|"08"|"ESMERALDAS"|"0806"|"ATACAMES"|\N|\N
"194"|"38"|"96"|"23"|"2 ESTRELLAS"|"2"|"ALOJAMIENTO"|"17"|"HOSTAL"|"08"|"ESMERALDAS"|"0802"|"ELOY ALFARO"|\N|\N
"195"|"56"|"168"|"22"|"1 ESTRELLA"|"2"|"ALOJAMIENTO"|"17"|"HOSTAL"|"08"|"ESMERALDAS"|"0802"|"ELOY ALFARO"|\N|\N
"196"|"61"|"193"|"24"|"3 ESTRELLAS"|"2"|"ALOJAMIENTO"|"19"|"HOSTERIA"|"08"|"ESMERALDAS"|"0802"|"ELOY ALFARO"|\N|\N
"197"|"72"|"288"|"23"|"2 ESTRELLAS"|"2"|"ALOJAMIENTO"|"20"|"HOTEL"|"08"|"ESMERALDAS"|"0802"|"ELOY ALFARO"|\N|\N
"198"|"16"|"28"|"24"|"3 ESTRELLAS"|"2"|"ALOJAMIENTO"|"17"|"HOSTAL"|"08"|"ESMERALDAS"|"0801"|"ESMERALDAS"|\N|\N
"199"|"51"|"82"|"23"|"2 ESTRELLAS"|"2"|"ALOJAMIENTO"|"17"|"HOSTAL"|"08"|"ESMERALDAS"|"0801"|"ESMERALDAS"|\N|\N
"200"|"219"|"368"|"22"|"1 ESTRELLA"|"2"|"ALOJAMIENTO"|"17"|"HOSTAL"|"08"|"ESMERALDAS"|"0801"|"ESMERALDAS"|\N|\N
"201"|"51"|"96"|"24"|"3 ESTRELLAS"|"2"|"ALOJAMIENTO"|"19"|"HOSTERIA"|"08"|"ESMERALDAS"|"0801"|"ESMERALDAS"|\N|\N
"202"|"186"|"347"|"24"|"3 ESTRELLAS"|"2"|"ALOJAMIENTO"|"20"|"HOTEL"|"08"|"ESMERALDAS"|"0801"|"ESMERALDAS"|\N|\N
"203"|"281"|"513"|"23"|"2 ESTRELLAS"|"2"|"ALOJAMIENTO"|"20"|"HOTEL"|"08"|"ESMERALDAS"|"0801"|"ESMERALDAS"|\N|\N
"204"|"7"|"22"|"21"|"UNICA"|"2"|"ALOJAMIENTO"|"9"|"CASA DE HUESPEDES"|"08"|"ESMERALDAS"|"0803"|"MUISNE"|\N|\N
"205"|"44"|"123"|"24"|"3 ESTRELLAS"|"2"|"ALOJAMIENTO"|"17"|"HOSTAL"|"08"|"ESMERALDAS"|"0803"|"MUISNE"|\N|\N
"206"|"5"|"20"|"23"|"2 ESTRELLAS"|"2"|"ALOJAMIENTO"|"17"|"HOSTAL"|"08"|"ESMERALDAS"|"0803"|"MUISNE"|\N|\N
"207"|"11"|"26"|"22"|"1 ESTRELLA"|"2"|"ALOJAMIENTO"|"17"|"HOSTAL"|"08"|"ESMERALDAS"|"0803"|"MUISNE"|\N|\N
"208"|"41"|"103"|"25"|"4 ESTRELLAS"|"2"|"ALOJAMIENTO"|"20"|"HOTEL"|"08"|"ESMERALDAS"|"0803"|"MUISNE"|\N|\N
"209"|"12"|"12"|"24"|"3 ESTRELLAS"|"2"|"ALOJAMIENTO"|"20"|"HOTEL"|"08"|"ESMERALDAS"|"0803"|"MUISNE"|\N|\N
"210"|"7"|"27"|"25"|"4 ESTRELLAS"|"2"|"ALOJAMIENTO"|"21"|"LODGE"|"08"|"ESMERALDAS"|"0803"|"MUISNE"|\N|\N
"211"|"10"|"26"|"21"|"UNICA"|"2"|"ALOJAMIENTO"|"28"|"REFUGIO"|"08"|"ESMERALDAS"|"0803"|"MUISNE"|\N|\N
"212"|"159"|"318"|"26"|"5 ESTRELLAS"|"2"|"ALOJAMIENTO"|"29"|"RESORT"|"08"|"ESMERALDAS"|"0803"|"MUISNE"|\N|\N
"213"|"13"|"13"|"23"|"2 ESTRELLAS"|"2"|"ALOJAMIENTO"|"17"|"HOSTAL"|"08"|"ESMERALDAS"|"0804"|"QUININDE"|\N|\N
"214"|"9"|"14"|"24"|"3 ESTRELLAS"|"2"|"ALOJAMIENTO"|"19"|"HOSTERIA"|"08"|"ESMERALDAS"|"0804"|"QUININDE"|\N|\N
"215"|"72"|"148"|"24"|"3 ESTRELLAS"|"2"|"ALOJAMIENTO"|"20"|"HOTEL"|"08"|"ESMERALDAS"|"0804"|"QUININDE"|\N|\N
"216"|"92"|"160"|"23"|"2 ESTRELLAS"|"2"|"ALOJAMIENTO"|"20"|"HOTEL"|"08"|"ESMERALDAS"|"0804"|"QUININDE"|\N|\N
"217"|"12"|"22"|"24"|"3 ESTRELLAS"|"2"|"ALOJAMIENTO"|"19"|"HOSTERIA"|"08"|"ESMERALDAS"|"0807"|"RIO VERDE"|\N|\N
"218"|"32"|"56"|"25"|"4 ESTRELLAS"|"2"|"ALOJAMIENTO"|"20"|"HOTEL"|"08"|"ESMERALDAS"|"0807"|"RIO VERDE"|\N|\N
"219"|"40"|"58"|"24"|"3 ESTRELLAS"|"2"|"ALOJAMIENTO"|"19"|"HOSTERIA"|"08"|"ESMERALDAS"|"0805"|"SAN LORENZO"|\N|\N
"220"|"138"|"263"|"23"|"2 ESTRELLAS"|"2"|"ALOJAMIENTO"|"20"|"HOTEL"|"08"|"ESMERALDAS"|"0805"|"SAN LORENZO"|\N|\N
"221"|"22"|"34"|"22"|"1 ESTRELLA"|"2"|"ALOJAMIENTO"|"17"|"HOSTAL"|"09"|"GUAYAS"|"0903"|"BALAO"|\N|\N
"222"|"6"|"6"|"24"|"3 ESTRELLAS"|"2"|"ALOJAMIENTO"|"19"|"HOSTERIA"|"09"|"GUAYAS"|"0903"|"BALAO"|\N|\N
"223"|"17"|"17"|"23"|"2 ESTRELLAS"|"2"|"ALOJAMIENTO"|"17"|"HOSTAL"|"09"|"GUAYAS"|"0904"|"BALZAR"|\N|\N
"224"|"21"|"27"|"24"|"3 ESTRELLAS"|"2"|"ALOJAMIENTO"|"17"|"HOSTAL"|"09"|"GUAYAS"|"0906"|"DAULE"|\N|\N
"225"|"21"|"29"|"22"|"1 ESTRELLA"|"2"|"ALOJAMIENTO"|"17"|"HOSTAL"|"09"|"GUAYAS"|"0907"|"DURAN"|\N|\N
"226"|"38"|"50"|"24"|"3 ESTRELLAS"|"2"|"ALOJAMIENTO"|"20"|"HOTEL"|"09"|"GUAYAS"|"0907"|"DURAN"|\N|\N
"227"|"21"|"30"|"23"|"2 ESTRELLAS"|"2"|"ALOJAMIENTO"|"20"|"HOTEL"|"09"|"GUAYAS"|"0907"|"DURAN"|\N|\N
"228"|"28"|"40"|"22"|"1 ESTRELLA"|"2"|"ALOJAMIENTO"|"17"|"HOSTAL"|"09"|"GUAYAS"|"0908"|"EL EMPALME"|\N|\N
"229"|"30"|"44"|"23"|"2 ESTRELLAS"|"2"|"ALOJAMIENTO"|"20"|"HOTEL"|"09"|"GUAYAS"|"0908"|"EL EMPALME"|\N|\N
"230"|"12"|"14"|"24"|"3 ESTRELLAS"|"2"|"ALOJAMIENTO"|"17"|"HOSTAL"|"09"|"GUAYAS"|"0909"|"EL TRIUNFO"|\N|\N
"231"|"16"|"20"|"23"|"2 ESTRELLAS"|"2"|"ALOJAMIENTO"|"17"|"HOSTAL"|"09"|"GUAYAS"|"0909"|"EL TRIUNFO"|\N|\N
"232"|"20"|"28"|"23"|"2 ESTRELLAS"|"2"|"ALOJAMIENTO"|"17"|"HOSTAL"|"09"|"GUAYAS"|"0909"|"EL TRIUNFO"|\N|\N
"233"|"37"|"83"|"24"|"3 ESTRELLAS"|"2"|"ALOJAMIENTO"|"19"|"HOSTERIA"|"09"|"GUAYAS"|"0909"|"EL TRIUNFO"|\N|\N
"234"|"14"|"17"|"24"|"3 ESTRELLAS"|"2"|"ALOJAMIENTO"|"17"|"HOSTAL"|"09"|"GUAYAS"|"0927"|"GENERAL ANTONIO ELIZALDE"|\N|\N
"235"|"18"|"29"|"23"|"2 ESTRELLAS"|"2"|"ALOJAMIENTO"|"17"|"HOSTAL"|"09"|"GUAYAS"|"0927"|"GENERAL ANTONIO ELIZALDE"|\N|\N
"236"|"17"|"35"|"22"|"1 ESTRELLA"|"2"|"ALOJAMIENTO"|"17"|"HOSTAL"|"09"|"GUAYAS"|"0927"|"GENERAL ANTONIO ELIZALDE"|\N|\N
"237"|"16"|"26"|"24"|"3 ESTRELLAS"|"2"|"ALOJAMIENTO"|"17"|"HOSTAL"|"09"|"GUAYAS"|"0927"|"GENERAL ANTONIO ELIZALDE"|\N|\N
"238"|"11"|"23"|"21"|"UNICA"|"2"|"ALOJAMIENTO"|"9"|"CASA DE HUESPEDES"|"09"|"GUAYAS"|"0901"|"GUAYAQUIL"|\N|\N
"239"|"364"|"477"|"24"|"3 ESTRELLAS"|"2"|"ALOJAMIENTO"|"17"|"HOSTAL"|"09"|"GUAYAS"|"0901"|"GUAYAQUIL"|\N|\N
"240"|"159"|"236"|"23"|"2 ESTRELLAS"|"2"|"ALOJAMIENTO"|"17"|"HOSTAL"|"09"|"GUAYAS"|"0901"|"GUAYAQUIL"|\N|\N
"241"|"580"|"1017"|"22"|"1 ESTRELLA"|"2"|"ALOJAMIENTO"|"17"|"HOSTAL"|"09"|"GUAYAS"|"0901"|"GUAYAQUIL"|\N|\N
"242"|"103"|"203"|"24"|"3 ESTRELLAS"|"2"|"ALOJAMIENTO"|"17"|"HOSTAL"|"09"|"GUAYAS"|"0901"|"GUAYAQUIL"|\N|\N
"243"|"768"|"903"|"23"|"2 ESTRELLAS"|"2"|"ALOJAMIENTO"|"18"|"HOSTAL RESIDENCIA"|"09"|"GUAYAS"|"0901"|"GUAYAQUIL"|\N|\N
"244"|"1417"|"2370"|"26"|"5 ESTRELLAS"|"2"|"ALOJAMIENTO"|"20"|"HOTEL"|"09"|"GUAYAS"|"0901"|"GUAYAQUIL"|\N|\N
"245"|"993"|"1598"|"25"|"4 ESTRELLAS"|"2"|"ALOJAMIENTO"|"20"|"HOTEL"|"09"|"GUAYAS"|"0901"|"GUAYAQUIL"|\N|\N
"246"|"764"|"1456"|"24"|"3 ESTRELLAS"|"2"|"ALOJAMIENTO"|"20"|"HOTEL"|"09"|"GUAYAS"|"0901"|"GUAYAQUIL"|\N|\N
"247"|"1193"|"2061"|"23"|"2 ESTRELLAS"|"2"|"ALOJAMIENTO"|"20"|"HOTEL"|"09"|"GUAYAS"|"0901"|"GUAYAQUIL"|\N|\N
"248"|"55"|"69"|"23"|"2 ESTRELLAS"|"2"|"ALOJAMIENTO"|"17"|"HOSTAL"|"09"|"GUAYAS"|"0910"|"MILAGRO"|\N|\N
"249"|"19"|"24"|"22"|"1 ESTRELLA"|"2"|"ALOJAMIENTO"|"17"|"HOSTAL"|"09"|"GUAYAS"|"0910"|"MILAGRO"|\N|\N
"250"|"113"|"225"|"24"|"3 ESTRELLAS"|"2"|"ALOJAMIENTO"|"20"|"HOTEL"|"09"|"GUAYAS"|"0910"|"MILAGRO"|\N|\N
"251"|"20"|"28"|"23"|"2 ESTRELLAS"|"2"|"ALOJAMIENTO"|"20"|"HOTEL"|"09"|"GUAYAS"|"0910"|"MILAGRO"|\N|\N
"252"|"55"|"76"|"23"|"2 ESTRELLAS"|"2"|"ALOJAMIENTO"|"17"|"HOSTAL"|"09"|"GUAYAS"|"0911"|"NARANJAL"|\N|\N
"253"|"80"|"144"|"23"|"2 ESTRELLAS"|"2"|"ALOJAMIENTO"|"20"|"HOTEL"|"09"|"GUAYAS"|"0911"|"NARANJAL"|\N|\N
"254"|"6"|"13"|"26"|"5 ESTRELLAS"|"2"|"ALOJAMIENTO"|"16"|"HACIENDA TURISTICA"|"09"|"GUAYAS"|"0912"|"NARANJITO"|\N|\N
"255"|"35"|"45"|"22"|"1 ESTRELLA"|"2"|"ALOJAMIENTO"|"17"|"HOSTAL"|"09"|"GUAYAS"|"0912"|"NARANJITO"|\N|\N
"256"|"27"|"90"|"24"|"3 ESTRELLAS"|"2"|"ALOJAMIENTO"|"17"|"HOSTAL"|"09"|"GUAYAS"|"0921"|"PLAYAS"|\N|\N
"257"|"139"|"427"|"23"|"2 ESTRELLAS"|"2"|"ALOJAMIENTO"|"17"|"HOSTAL"|"09"|"GUAYAS"|"0921"|"PLAYAS"|\N|\N
"258"|"172"|"435"|"22"|"1 ESTRELLA"|"2"|"ALOJAMIENTO"|"17"|"HOSTAL"|"09"|"GUAYAS"|"0921"|"PLAYAS"|\N|\N
"259"|"13"|"15"|"23"|"2 ESTRELLAS"|"2"|"ALOJAMIENTO"|"17"|"HOSTAL"|"09"|"GUAYAS"|"0921"|"PLAYAS"|\N|\N
"260"|"48"|"162"|"26"|"5 ESTRELLAS"|"2"|"ALOJAMIENTO"|"19"|"HOSTERIA"|"09"|"GUAYAS"|"0921"|"PLAYAS"|\N|\N
"261"|"86"|"215"|"25"|"4 ESTRELLAS"|"2"|"ALOJAMIENTO"|"19"|"HOSTERIA"|"09"|"GUAYAS"|"0921"|"PLAYAS"|\N|\N
"262"|"61"|"163"|"24"|"3 ESTRELLAS"|"2"|"ALOJAMIENTO"|"19"|"HOSTERIA"|"09"|"GUAYAS"|"0921"|"PLAYAS"|\N|\N
"263"|"50"|"140"|"24"|"3 ESTRELLAS"|"2"|"ALOJAMIENTO"|"20"|"HOTEL"|"09"|"GUAYAS"|"0921"|"PLAYAS"|\N|\N
"264"|"268"|"679"|"23"|"2 ESTRELLAS"|"2"|"ALOJAMIENTO"|"20"|"HOTEL"|"09"|"GUAYAS"|"0921"|"PLAYAS"|\N|\N
"265"|"44"|"86"|"26"|"5 ESTRELLAS"|"2"|"ALOJAMIENTO"|"20"|"HOTEL"|"09"|"GUAYAS"|"0916"|"SAMBORONDON"|\N|\N
"266"|"8"|"17"|"24"|"3 ESTRELLAS"|"2"|"ALOJAMIENTO"|"20"|"HOTEL"|"09"|"GUAYAS"|"0916"|"SAMBORONDON"|\N|\N
"267"|"13"|"17"|"23"|"2 ESTRELLAS"|"2"|"ALOJAMIENTO"|"17"|"HOSTAL"|"09"|"GUAYAS"|"0919"|"URBINA"|\N|\N
"268"|"20"|"41"|"22"|"1 ESTRELLA"|"2"|"ALOJAMIENTO"|"17"|"HOSTAL"|"10"|"IMBABURA"|"1002"|"ANTONIO ANTE"|\N|\N
"269"|"86"|"191"|"24"|"3 ESTRELLAS"|"2"|"ALOJAMIENTO"|"19"|"HOSTERIA"|"10"|"IMBABURA"|"1002"|"ANTONIO ANTE"|\N|\N
"270"|"39"|"85"|"24"|"3 ESTRELLAS"|"2"|"ALOJAMIENTO"|"20"|"HOTEL"|"10"|"IMBABURA"|"1002"|"ANTONIO ANTE"|\N|\N
"271"|"14"|"25"|"23"|"2 ESTRELLAS"|"2"|"ALOJAMIENTO"|"20"|"HOTEL"|"10"|"IMBABURA"|"1002"|"ANTONIO ANTE"|\N|\N
"272"|"9"|"19"|"25"|"4 ESTRELLAS"|"2"|"ALOJAMIENTO"|"16"|"HACIENDA TURISTICA"|"10"|"IMBABURA"|"1003"|"COTACACHI"|\N|\N
"273"|"8"|"18"|"24"|"3 ESTRELLAS"|"2"|"ALOJAMIENTO"|"17"|"HOSTAL"|"10"|"IMBABURA"|"1003"|"COTACACHI"|\N|\N
"274"|"12"|"21"|"23"|"2 ESTRELLAS"|"2"|"ALOJAMIENTO"|"17"|"HOSTAL"|"10"|"IMBABURA"|"1003"|"COTACACHI"|\N|\N
"275"|"28"|"58"|"22"|"1 ESTRELLA"|"2"|"ALOJAMIENTO"|"17"|"HOSTAL"|"10"|"IMBABURA"|"1003"|"COTACACHI"|\N|\N
"276"|"22"|"48"|"26"|"5 ESTRELLAS"|"2"|"ALOJAMIENTO"|"19"|"HOSTERIA"|"10"|"IMBABURA"|"1003"|"COTACACHI"|\N|\N
"277"|"44"|"44"|"25"|"4 ESTRELLAS"|"2"|"ALOJAMIENTO"|"19"|"HOSTERIA"|"10"|"IMBABURA"|"1003"|"COTACACHI"|\N|\N
"278"|"69"|"187"|"24"|"3 ESTRELLAS"|"2"|"ALOJAMIENTO"|"19"|"HOSTERIA"|"10"|"IMBABURA"|"1003"|"COTACACHI"|\N|\N
"279"|"35"|"62"|"23"|"2 ESTRELLAS"|"2"|"ALOJAMIENTO"|"20"|"HOTEL"|"10"|"IMBABURA"|"1003"|"COTACACHI"|\N|\N
"280"|"12"|"22"|"25"|"4 ESTRELLAS"|"2"|"ALOJAMIENTO"|"21"|"LODGE"|"10"|"IMBABURA"|"1003"|"COTACACHI"|\N|\N
"281"|"36"|"110"|"21"|"UNICA"|"2"|"ALOJAMIENTO"|"28"|"REFUGIO"|"10"|"IMBABURA"|"1003"|"COTACACHI"|\N|\N
"282"|"3"|"5"|"21"|"UNICA"|"2"|"ALOJAMIENTO"|"8"|"CAMPAMENTO TURISTICO"|"10"|"IMBABURA"|"1001"|"IBARRA"|\N|\N
"283"|"33"|"71"|"21"|"UNICA"|"2"|"ALOJAMIENTO"|"9"|"CASA DE HUESPEDES"|"10"|"IMBABURA"|"1001"|"IBARRA"|\N|\N
"284"|"53"|"108"|"25"|"4 ESTRELLAS"|"2"|"ALOJAMIENTO"|"16"|"HACIENDA TURISTICA"|"10"|"IMBABURA"|"1001"|"IBARRA"|\N|\N
"285"|"16"|"48"|"24"|"3 ESTRELLAS"|"2"|"ALOJAMIENTO"|"17"|"HOSTAL"|"10"|"IMBABURA"|"1001"|"IBARRA"|\N|\N
"286"|"189"|"465"|"23"|"2 ESTRELLAS"|"2"|"ALOJAMIENTO"|"17"|"HOSTAL"|"10"|"IMBABURA"|"1001"|"IBARRA"|\N|\N
"287"|"340"|"678"|"22"|"1 ESTRELLA"|"2"|"ALOJAMIENTO"|"17"|"HOSTAL"|"10"|"IMBABURA"|"1001"|"IBARRA"|\N|\N
"288"|"17"|"39"|"26"|"5 ESTRELLAS"|"2"|"ALOJAMIENTO"|"19"|"HOSTERIA"|"10"|"IMBABURA"|"1001"|"IBARRA"|\N|\N
"289"|"199"|"437"|"25"|"4 ESTRELLAS"|"2"|"ALOJAMIENTO"|"19"|"HOSTERIA"|"10"|"IMBABURA"|"1001"|"IBARRA"|\N|\N
"290"|"171"|"520"|"24"|"3 ESTRELLAS"|"2"|"ALOJAMIENTO"|"19"|"HOSTERIA"|"10"|"IMBABURA"|"1001"|"IBARRA"|\N|\N
"291"|"155"|"167"|"25"|"4 ESTRELLAS"|"2"|"ALOJAMIENTO"|"20"|"HOTEL"|"10"|"IMBABURA"|"1001"|"IBARRA"|\N|\N
"292"|"183"|"337"|"24"|"3 ESTRELLAS"|"2"|"ALOJAMIENTO"|"20"|"HOTEL"|"10"|"IMBABURA"|"1001"|"IBARRA"|\N|\N
"293"|"185"|"348"|"23"|"2 ESTRELLAS"|"2"|"ALOJAMIENTO"|"20"|"HOTEL"|"10"|"IMBABURA"|"1001"|"IBARRA"|\N|\N
"294"|"7"|"12"|"21"|"UNICA"|"2"|"ALOJAMIENTO"|"9"|"CASA DE HUESPEDES"|"10"|"IMBABURA"|"1004"|"OTAVALO"|\N|\N
"295"|"28"|"58"|"25"|"4 ESTRELLAS"|"2"|"ALOJAMIENTO"|"16"|"HACIENDA TURISTICA"|"10"|"IMBABURA"|"1004"|"OTAVALO"|\N|\N
"296"|"201"|"379"|"23"|"2 ESTRELLAS"|"2"|"ALOJAMIENTO"|"17"|"HOSTAL"|"10"|"IMBABURA"|"1004"|"OTAVALO"|\N|\N
"297"|"171"|"331"|"22"|"1 ESTRELLA"|"2"|"ALOJAMIENTO"|"17"|"HOSTAL"|"10"|"IMBABURA"|"1004"|"OTAVALO"|\N|\N
"298"|"15"|"33"|"26"|"5 ESTRELLAS"|"2"|"ALOJAMIENTO"|"19"|"HOSTERIA"|"10"|"IMBABURA"|"1004"|"OTAVALO"|\N|\N
"299"|"90"|"192"|"25"|"4 ESTRELLAS"|"2"|"ALOJAMIENTO"|"19"|"HOSTERIA"|"10"|"IMBABURA"|"1004"|"OTAVALO"|\N|\N
"300"|"68"|"192"|"24"|"3 ESTRELLAS"|"2"|"ALOJAMIENTO"|"19"|"HOSTERIA"|"10"|"IMBABURA"|"1004"|"OTAVALO"|\N|\N
"301"|"29"|"39"|"26"|"5 ESTRELLAS"|"2"|"ALOJAMIENTO"|"20"|"HOTEL"|"10"|"IMBABURA"|"1004"|"OTAVALO"|\N|\N
"302"|"30"|"58"|"25"|"4 ESTRELLAS"|"2"|"ALOJAMIENTO"|"20"|"HOTEL"|"10"|"IMBABURA"|"1004"|"OTAVALO"|\N|\N
"303"|"37"|"59"|"24"|"3 ESTRELLAS"|"2"|"ALOJAMIENTO"|"20"|"HOTEL"|"10"|"IMBABURA"|"1004"|"OTAVALO"|\N|\N
"304"|"138"|"255"|"23"|"2 ESTRELLAS"|"2"|"ALOJAMIENTO"|"20"|"HOTEL"|"10"|"IMBABURA"|"1004"|"OTAVALO"|\N|\N
"305"|"11"|"26"|"25"|"4 ESTRELLAS"|"2"|"ALOJAMIENTO"|"21"|"LODGE"|"10"|"IMBABURA"|"1004"|"OTAVALO"|\N|\N
"306"|"16"|"32"|"21"|"UNICA"|"2"|"ALOJAMIENTO"|"28"|"REFUGIO"|"10"|"IMBABURA"|"1004"|"OTAVALO"|\N|\N
"307"|"33"|"71"|"22"|"1 ESTRELLA"|"2"|"ALOJAMIENTO"|"17"|"HOSTAL"|"10"|"IMBABURA"|"1005"|"PIMAMPIRO"|\N|\N
"308"|"3"|"6"|"21"|"UNICA"|"2"|"ALOJAMIENTO"|"9"|"CASA DE HUESPEDES"|"10"|"IMBABURA"|"1006"|"SAN MIGUEL DE URCUQUI"|\N|\N
"309"|"20"|"71"|"23"|"2 ESTRELLAS"|"2"|"ALOJAMIENTO"|"17"|"HOSTAL"|"10"|"IMBABURA"|"1006"|"SAN MIGUEL DE URCUQUI"|\N|\N
"310"|"34"|"85"|"22"|"1 ESTRELLA"|"2"|"ALOJAMIENTO"|"17"|"HOSTAL"|"10"|"IMBABURA"|"1006"|"SAN MIGUEL DE URCUQUI"|\N|\N
"311"|"40"|"116"|"25"|"4 ESTRELLAS"|"2"|"ALOJAMIENTO"|"19"|"HOSTERIA"|"10"|"IMBABURA"|"1006"|"SAN MIGUEL DE URCUQUI"|\N|\N
"312"|"45"|"165"|"24"|"3 ESTRELLAS"|"2"|"ALOJAMIENTO"|"19"|"HOSTERIA"|"10"|"IMBABURA"|"1006"|"SAN MIGUEL DE URCUQUI"|\N|\N
"313"|"13"|"31"|"24"|"3 ESTRELLAS"|"2"|"ALOJAMIENTO"|"20"|"HOTEL"|"10"|"IMBABURA"|"1006"|"SAN MIGUEL DE URCUQUI"|\N|\N
"314"|"13"|"38"|"23"|"2 ESTRELLAS"|"2"|"ALOJAMIENTO"|"20"|"HOTEL"|"10"|"IMBABURA"|"1006"|"SAN MIGUEL DE URCUQUI"|\N|\N
"315"|"9"|"22"|"25"|"4 ESTRELLAS"|"2"|"ALOJAMIENTO"|"21"|"LODGE"|"10"|"IMBABURA"|"1006"|"SAN MIGUEL DE URCUQUI"|\N|\N
"316"|"11"|"34"|"21"|"UNICA"|"2"|"ALOJAMIENTO"|"28"|"REFUGIO"|"10"|"IMBABURA"|"1006"|"SAN MIGUEL DE URCUQUI"|\N|\N
"317"|"90"|"162"|"22"|"1 ESTRELLA"|"2"|"ALOJAMIENTO"|"17"|"HOSTAL"|"11"|"LOJA"|"1102"|"CALVAS"|\N|\N
"318"|"16"|"27"|"23"|"2 ESTRELLAS"|"2"|"ALOJAMIENTO"|"17"|"HOSTAL"|"11"|"LOJA"|"1102"|"CALVAS"|\N|\N
"319"|"7"|"11"|"24"|"3 ESTRELLAS"|"2"|"ALOJAMIENTO"|"19"|"HOSTERIA"|"11"|"LOJA"|"1102"|"CALVAS"|\N|\N
"320"|"48"|"74"|"24"|"3 ESTRELLAS"|"2"|"ALOJAMIENTO"|"20"|"HOTEL"|"11"|"LOJA"|"1102"|"CALVAS"|\N|\N
"321"|"30"|"56"|"22"|"1 ESTRELLA"|"2"|"ALOJAMIENTO"|"17"|"HOSTAL"|"11"|"LOJA"|"1103"|"CATAMAYO"|\N|\N
"322"|"14"|"22"|"24"|"3 ESTRELLAS"|"2"|"ALOJAMIENTO"|"17"|"HOSTAL"|"11"|"LOJA"|"1103"|"CATAMAYO"|\N|\N
"323"|"12"|"12"|"23"|"2 ESTRELLAS"|"2"|"ALOJAMIENTO"|"17"|"HOSTAL"|"11"|"LOJA"|"1103"|"CATAMAYO"|\N|\N
"324"|"14"|"34"|"25"|"4 ESTRELLAS"|"2"|"ALOJAMIENTO"|"19"|"HOSTERIA"|"11"|"LOJA"|"1103"|"CATAMAYO"|\N|\N
"325"|"44"|"133"|"24"|"3 ESTRELLAS"|"2"|"ALOJAMIENTO"|"19"|"HOSTERIA"|"11"|"LOJA"|"1103"|"CATAMAYO"|\N|\N
"326"|"57"|"106"|"24"|"3 ESTRELLAS"|"2"|"ALOJAMIENTO"|"20"|"HOTEL"|"11"|"LOJA"|"1103"|"CATAMAYO"|\N|\N
"327"|"95"|"155"|"23"|"2 ESTRELLAS"|"2"|"ALOJAMIENTO"|"20"|"HOTEL"|"11"|"LOJA"|"1103"|"CATAMAYO"|\N|\N
"328"|"27"|"45"|"22"|"1 ESTRELLA"|"2"|"ALOJAMIENTO"|"17"|"HOSTAL"|"11"|"LOJA"|"1104"|"CELICA"|\N|\N
"329"|"18"|"26"|"22"|"1 ESTRELLA"|"2"|"ALOJAMIENTO"|"17"|"HOSTAL"|"11"|"LOJA"|"1105"|"CHAGUARPAMBA"|\N|\N
"330"|"15"|"28"|"22"|"1 ESTRELLA"|"2"|"ALOJAMIENTO"|"17"|"HOSTAL"|"11"|"LOJA"|"1106"|"ESPINDOLA"|\N|\N
"331"|"24"|"39"|"23"|"2 ESTRELLAS"|"2"|"ALOJAMIENTO"|"17"|"HOSTAL"|"11"|"LOJA"|"1107"|"GONZANAMA"|\N|\N
"332"|"10"|"30"|"22"|"1 ESTRELLA"|"2"|"ALOJAMIENTO"|"17"|"HOSTAL"|"11"|"LOJA"|"1107"|"GONZANAMA"|\N|\N
"333"|"6"|"12"|"24"|"3 ESTRELLAS"|"2"|"ALOJAMIENTO"|"19"|"HOSTERIA"|"11"|"LOJA"|"1107"|"GONZANAMA"|\N|\N
"334"|"15"|"26"|"21"|"UNICA"|"2"|"ALOJAMIENTO"|"9"|"CASA DE HUESPEDES"|"11"|"LOJA"|"1101"|"LOJA"|\N|\N
"335"|"32"|"67"|"24"|"3 ESTRELLAS"|"2"|"ALOJAMIENTO"|"17"|"HOSTAL"|"11"|"LOJA"|"1101"|"LOJA"|\N|\N
"336"|"103"|"159"|"23"|"2 ESTRELLAS"|"2"|"ALOJAMIENTO"|"17"|"HOSTAL"|"11"|"LOJA"|"1101"|"LOJA"|\N|\N
"337"|"408"|"660"|"22"|"1 ESTRELLA"|"2"|"ALOJAMIENTO"|"17"|"HOSTAL"|"11"|"LOJA"|"1101"|"LOJA"|\N|\N
"338"|"55"|"74"|"23"|"2 ESTRELLAS"|"2"|"ALOJAMIENTO"|"17"|"HOSTAL"|"11"|"LOJA"|"1101"|"LOJA"|\N|\N
"339"|"20"|"45"|"26"|"5 ESTRELLAS"|"2"|"ALOJAMIENTO"|"19"|"HOSTERIA"|"11"|"LOJA"|"1101"|"LOJA"|\N|\N
"340"|"23"|"56"|"25"|"4 ESTRELLAS"|"2"|"ALOJAMIENTO"|"19"|"HOSTERIA"|"11"|"LOJA"|"1101"|"LOJA"|\N|\N
"341"|"148"|"361"|"24"|"3 ESTRELLAS"|"2"|"ALOJAMIENTO"|"19"|"HOSTERIA"|"11"|"LOJA"|"1101"|"LOJA"|\N|\N
"342"|"111"|"175"|"26"|"5 ESTRELLAS"|"2"|"ALOJAMIENTO"|"20"|"HOTEL"|"11"|"LOJA"|"1101"|"LOJA"|\N|\N
"343"|"159"|"234"|"25"|"4 ESTRELLAS"|"2"|"ALOJAMIENTO"|"20"|"HOTEL"|"11"|"LOJA"|"1101"|"LOJA"|\N|\N
"344"|"337"|"561"|"24"|"3 ESTRELLAS"|"2"|"ALOJAMIENTO"|"20"|"HOTEL"|"11"|"LOJA"|"1101"|"LOJA"|\N|\N
"345"|"305"|"601"|"23"|"2 ESTRELLAS"|"2"|"ALOJAMIENTO"|"20"|"HOTEL"|"11"|"LOJA"|"1101"|"LOJA"|\N|\N
"346"|"9"|"25"|"21"|"UNICA"|"2"|"ALOJAMIENTO"|"28"|"REFUGIO"|"11"|"LOJA"|"1101"|"LOJA"|\N|\N
"347"|"32"|"41"|"23"|"2 ESTRELLAS"|"2"|"ALOJAMIENTO"|"17"|"HOSTAL"|"11"|"LOJA"|"1108"|"MACARA"|\N|\N
"348"|"130"|"224"|"22"|"1 ESTRELLA"|"2"|"ALOJAMIENTO"|"17"|"HOSTAL"|"11"|"LOJA"|"1108"|"MACARA"|\N|\N
"349"|"7"|"13"|"24"|"3 ESTRELLAS"|"2"|"ALOJAMIENTO"|"19"|"HOSTERIA"|"11"|"LOJA"|"1108"|"MACARA"|\N|\N
"350"|"33"|"68"|"23"|"2 ESTRELLAS"|"2"|"ALOJAMIENTO"|"20"|"HOTEL"|"11"|"LOJA"|"1108"|"MACARA"|\N|\N
"351"|"24"|"36"|"23"|"2 ESTRELLAS"|"2"|"ALOJAMIENTO"|"17"|"HOSTAL"|"11"|"LOJA"|"1109"|"PALTAS"|\N|\N
"352"|"28"|"46"|"22"|"1 ESTRELLA"|"2"|"ALOJAMIENTO"|"17"|"HOSTAL"|"11"|"LOJA"|"1109"|"PALTAS"|\N|\N
"353"|"25"|"49"|"22"|"1 ESTRELLA"|"2"|"ALOJAMIENTO"|"17"|"HOSTAL"|"11"|"LOJA"|"1114"|"PINDAL"|\N|\N
"354"|"10"|"12"|"24"|"3 ESTRELLAS"|"2"|"ALOJAMIENTO"|"19"|"HOSTERIA"|"11"|"LOJA"|"1114"|"PINDAL"|\N|\N
"355"|"16"|"26"|"22"|"1 ESTRELLA"|"2"|"ALOJAMIENTO"|"17"|"HOSTAL"|"11"|"LOJA"|"1110"|"PUYANGO"|\N|\N
"356"|"15"|"21"|"23"|"2 ESTRELLAS"|"2"|"ALOJAMIENTO"|"17"|"HOSTAL"|"11"|"LOJA"|"1110"|"PUYANGO"|\N|\N
"357"|"38"|"69"|"23"|"2 ESTRELLAS"|"2"|"ALOJAMIENTO"|"20"|"HOTEL"|"11"|"LOJA"|"1110"|"PUYANGO"|\N|\N
"358"|"39"|"78"|"22"|"1 ESTRELLA"|"2"|"ALOJAMIENTO"|"17"|"HOSTAL"|"11"|"LOJA"|"1111"|"SARAGURO"|\N|\N
"359"|"16"|"24"|"24"|"3 ESTRELLAS"|"2"|"ALOJAMIENTO"|"20"|"HOTEL"|"11"|"LOJA"|"1111"|"SARAGURO"|\N|\N
"360"|"12"|"28"|"24"|"3 ESTRELLAS"|"2"|"ALOJAMIENTO"|"17"|"HOSTAL"|"11"|"LOJA"|"1113"|"ZAPOTILLO"|\N|\N
"361"|"41"|"67"|"22"|"1 ESTRELLA"|"2"|"ALOJAMIENTO"|"17"|"HOSTAL"|"11"|"LOJA"|"1113"|"ZAPOTILLO"|\N|\N
"362"|"33"|"44"|"24"|"3 ESTRELLAS"|"2"|"ALOJAMIENTO"|"20"|"HOTEL"|"11"|"LOJA"|"1113"|"ZAPOTILLO"|\N|\N
"363"|"44"|"117"|"23"|"2 ESTRELLAS"|"2"|"ALOJAMIENTO"|"20"|"HOTEL"|"11"|"LOJA"|"1113"|"ZAPOTILLO"|\N|\N
"364"|"43"|"68"|"23"|"2 ESTRELLAS"|"2"|"ALOJAMIENTO"|"17"|"HOSTAL"|"12"|"LOS RIOS"|"1201"|"BABAHOYO"|\N|\N
"365"|"34"|"50"|"22"|"1 ESTRELLA"|"2"|"ALOJAMIENTO"|"17"|"HOSTAL"|"12"|"LOS RIOS"|"1201"|"BABAHOYO"|\N|\N
"366"|"75"|"128"|"24"|"3 ESTRELLAS"|"2"|"ALOJAMIENTO"|"20"|"HOTEL"|"12"|"LOS RIOS"|"1201"|"BABAHOYO"|\N|\N
"367"|"20"|"20"|"23"|"2 ESTRELLAS"|"2"|"ALOJAMIENTO"|"20"|"HOTEL"|"12"|"LOS RIOS"|"1201"|"BABAHOYO"|\N|\N
"368"|"25"|"40"|"24"|"3 ESTRELLAS"|"2"|"ALOJAMIENTO"|"17"|"HOSTAL"|"12"|"LOS RIOS"|"1203"|"MONTALVO"|\N|\N
"369"|"64"|"95"|"24"|"3 ESTRELLAS"|"2"|"ALOJAMIENTO"|"17"|"HOSTAL"|"12"|"LOS RIOS"|"1205"|"QUEVEDO"|\N|\N
"370"|"18"|"18"|"23"|"2 ESTRELLAS"|"2"|"ALOJAMIENTO"|"17"|"HOSTAL"|"12"|"LOS RIOS"|"1205"|"QUEVEDO"|\N|\N
"371"|"48"|"65"|"22"|"1 ESTRELLA"|"2"|"ALOJAMIENTO"|"17"|"HOSTAL"|"12"|"LOS RIOS"|"1205"|"QUEVEDO"|\N|\N
"372"|"35"|"59"|"26"|"5 ESTRELLAS"|"2"|"ALOJAMIENTO"|"20"|"HOTEL"|"12"|"LOS RIOS"|"1205"|"QUEVEDO"|\N|\N
"373"|"135"|"239"|"25"|"4 ESTRELLAS"|"2"|"ALOJAMIENTO"|"20"|"HOTEL"|"12"|"LOS RIOS"|"1205"|"QUEVEDO"|\N|\N
"374"|"237"|"254"|"23"|"2 ESTRELLAS"|"2"|"ALOJAMIENTO"|"20"|"HOTEL"|"12"|"LOS RIOS"|"1205"|"QUEVEDO"|\N|\N
"375"|"7"|"7"|"24"|"3 ESTRELLAS"|"2"|"ALOJAMIENTO"|"19"|"HOSTERIA"|"12"|"LOS RIOS"|"1213"|"QUINSALOMA"|\N|\N
"376"|"32"|"37"|"23"|"2 ESTRELLAS"|"2"|"ALOJAMIENTO"|"20"|"HOTEL"|"12"|"LOS RIOS"|"1213"|"QUINSALOMA"|\N|\N
"377"|"48"|"71"|"22"|"1 ESTRELLA"|"2"|"ALOJAMIENTO"|"17"|"HOSTAL"|"12"|"LOS RIOS"|"1211"|"VALENCIA"|\N|\N
"378"|"22"|"28"|"22"|"1 ESTRELLA"|"2"|"ALOJAMIENTO"|"17"|"HOSTAL"|"12"|"LOS RIOS"|"1207"|"VENTANAS"|\N|\N
"379"|"39"|"49"|"22"|"1 ESTRELLA"|"2"|"ALOJAMIENTO"|"17"|"HOSTAL"|"12"|"LOS RIOS"|"1208"|"VINCES"|\N|\N
"380"|"22"|"45"|"24"|"3 ESTRELLAS"|"2"|"ALOJAMIENTO"|"17"|"HOSTAL"|"12"|"LOS RIOS"|"1208"|"VINCES"|\N|\N
"381"|"28"|"80"|"25"|"4 ESTRELLAS"|"2"|"ALOJAMIENTO"|"19"|"HOSTERIA"|"12"|"LOS RIOS"|"1208"|"VINCES"|\N|\N
"382"|"12"|"19"|"23"|"2 ESTRELLAS"|"2"|"ALOJAMIENTO"|"17"|"HOSTAL"|"13"|"MANABI"|"1302"|"BOLIVAR"|\N|\N
"383"|"14"|"14"|"23"|"2 ESTRELLAS"|"2"|"ALOJAMIENTO"|"17"|"HOSTAL"|"13"|"MANABI"|"1302"|"BOLIVAR"|\N|\N
"384"|"10"|"20"|"23"|"2 ESTRELLAS"|"2"|"ALOJAMIENTO"|"20"|"HOTEL"|"13"|"MANABI"|"1302"|"BOLIVAR"|\N|\N
"385"|"23"|"40"|"22"|"1 ESTRELLA"|"2"|"ALOJAMIENTO"|"17"|"HOSTAL"|"13"|"MANABI"|"1303"|"CHONE"|\N|\N
"386"|"25"|"50"|"23"|"2 ESTRELLAS"|"2"|"ALOJAMIENTO"|"17"|"HOSTAL"|"13"|"MANABI"|"1303"|"CHONE"|\N|\N
"387"|"7"|"15"|"24"|"3 ESTRELLAS"|"2"|"ALOJAMIENTO"|"20"|"HOTEL"|"13"|"MANABI"|"1303"|"CHONE"|\N|\N
"388"|"40"|"80"|"23"|"2 ESTRELLAS"|"2"|"ALOJAMIENTO"|"20"|"HOTEL"|"13"|"MANABI"|"1303"|"CHONE"|\N|\N
"389"|"125"|"193"|"23"|"2 ESTRELLAS"|"2"|"ALOJAMIENTO"|"17"|"HOSTAL"|"13"|"MANABI"|"1304"|"EL CARMEN"|\N|\N
"390"|"24"|"33"|"24"|"3 ESTRELLAS"|"2"|"ALOJAMIENTO"|"17"|"HOSTAL"|"13"|"MANABI"|"1304"|"EL CARMEN"|\N|\N
"391"|"57"|"82"|"23"|"2 ESTRELLAS"|"2"|"ALOJAMIENTO"|"17"|"HOSTAL"|"13"|"MANABI"|"1304"|"EL CARMEN"|\N|\N
"392"|"40"|"58"|"22"|"1 ESTRELLA"|"2"|"ALOJAMIENTO"|"17"|"HOSTAL"|"13"|"MANABI"|"1305"|"FLAVIO ALFARO"|\N|\N
"393"|"5"|"10"|"21"|"UNICA"|"2"|"ALOJAMIENTO"|"8"|"CAMPAMENTO TURISTICO"|"13"|"MANABI"|"1320"|"JAMA"|\N|\N
"394"|"20"|"45"|"23"|"2 ESTRELLAS"|"2"|"ALOJAMIENTO"|"17"|"HOSTAL"|"13"|"MANABI"|"1320"|"JAMA"|\N|\N
"395"|"38"|"87"|"22"|"1 ESTRELLA"|"2"|"ALOJAMIENTO"|"17"|"HOSTAL"|"13"|"MANABI"|"1320"|"JAMA"|\N|\N
"396"|"26"|"69"|"24"|"3 ESTRELLAS"|"2"|"ALOJAMIENTO"|"19"|"HOSTERIA"|"13"|"MANABI"|"1320"|"JAMA"|\N|\N
"397"|"10"|"26"|"24"|"3 ESTRELLAS"|"2"|"ALOJAMIENTO"|"20"|"HOTEL"|"13"|"MANABI"|"1320"|"JAMA"|\N|\N
"398"|"25"|"48"|"23"|"2 ESTRELLAS"|"2"|"ALOJAMIENTO"|"20"|"HOTEL"|"13"|"MANABI"|"1320"|"JAMA"|\N|\N
"399"|"24"|"82"|"25"|"4 ESTRELLAS"|"2"|"ALOJAMIENTO"|"21"|"LODGE"|"13"|"MANABI"|"1320"|"JAMA"|\N|\N
"400"|"25"|"30"|"22"|"1 ESTRELLA"|"2"|"ALOJAMIENTO"|"17"|"HOSTAL"|"13"|"MANABI"|"1321"|"JARAMIJO"|\N|\N
"401"|"15"|"19"|"23"|"2 ESTRELLAS"|"2"|"ALOJAMIENTO"|"20"|"HOTEL"|"13"|"MANABI"|"1321"|"JARAMIJO"|\N|\N
"402"|"7"|"11"|"21"|"UNICA"|"2"|"ALOJAMIENTO"|"8"|"CAMPAMENTO TURISTICO"|"13"|"MANABI"|"1306"|"JIPIJAPA"|\N|\N
"403"|"26"|"55"|"24"|"3 ESTRELLAS"|"2"|"ALOJAMIENTO"|"17"|"HOSTAL"|"13"|"MANABI"|"1306"|"JIPIJAPA"|\N|\N
"404"|"47"|"90"|"23"|"2 ESTRELLAS"|"2"|"ALOJAMIENTO"|"17"|"HOSTAL"|"13"|"MANABI"|"1306"|"JIPIJAPA"|\N|\N
"405"|"43"|"90"|"22"|"1 ESTRELLA"|"2"|"ALOJAMIENTO"|"17"|"HOSTAL"|"13"|"MANABI"|"1306"|"JIPIJAPA"|\N|\N
"406"|"40"|"64"|"24"|"3 ESTRELLAS"|"2"|"ALOJAMIENTO"|"17"|"HOSTAL"|"13"|"MANABI"|"1306"|"JIPIJAPA"|\N|\N
"407"|"44"|"68"|"23"|"2 ESTRELLAS"|"2"|"ALOJAMIENTO"|"17"|"HOSTAL"|"13"|"MANABI"|"1306"|"JIPIJAPA"|\N|\N
"408"|"13"|"13"|"25"|"4 ESTRELLAS"|"2"|"ALOJAMIENTO"|"19"|"HOSTERIA"|"13"|"MANABI"|"1306"|"JIPIJAPA"|\N|\N
"409"|"70"|"196"|"24"|"3 ESTRELLAS"|"2"|"ALOJAMIENTO"|"19"|"HOSTERIA"|"13"|"MANABI"|"1306"|"JIPIJAPA"|\N|\N
"410"|"477"|"872"|"24"|"3 ESTRELLAS"|"2"|"ALOJAMIENTO"|"17"|"HOSTAL"|"13"|"MANABI"|"1308"|"MANTA"|\N|\N
"411"|"386"|"773"|"23"|"2 ESTRELLAS"|"2"|"ALOJAMIENTO"|"17"|"HOSTAL"|"13"|"MANABI"|"1308"|"MANTA"|\N|\N
"412"|"115"|"207"|"22"|"1 ESTRELLA"|"2"|"ALOJAMIENTO"|"17"|"HOSTAL"|"13"|"MANABI"|"1308"|"MANTA"|\N|\N
"413"|"134"|"175"|"24"|"3 ESTRELLAS"|"2"|"ALOJAMIENTO"|"17"|"HOSTAL"|"13"|"MANABI"|"1308"|"MANTA"|\N|\N
"414"|"285"|"497"|"23"|"2 ESTRELLAS"|"2"|"ALOJAMIENTO"|"17"|"HOSTAL"|"13"|"MANABI"|"1308"|"MANTA"|\N|\N
"415"|"28"|"46"|"22"|"1 ESTRELLA"|"2"|"ALOJAMIENTO"|"17"|"HOSTAL"|"13"|"MANABI"|"1308"|"MANTA"|\N|\N
"416"|"25"|"83"|"25"|"4 ESTRELLAS"|"2"|"ALOJAMIENTO"|"19"|"HOSTERIA"|"13"|"MANABI"|"1308"|"MANTA"|\N|\N
"417"|"39"|"71"|"24"|"3 ESTRELLAS"|"2"|"ALOJAMIENTO"|"19"|"HOSTERIA"|"13"|"MANABI"|"1308"|"MANTA"|\N|\N
"418"|"144"|"331"|"26"|"5 ESTRELLAS"|"2"|"ALOJAMIENTO"|"20"|"HOTEL"|"13"|"MANABI"|"1308"|"MANTA"|\N|\N
"419"|"344"|"678"|"25"|"4 ESTRELLAS"|"2"|"ALOJAMIENTO"|"20"|"HOTEL"|"13"|"MANABI"|"1308"|"MANTA"|\N|\N
"420"|"45"|"60"|"24"|"3 ESTRELLAS"|"2"|"ALOJAMIENTO"|"20"|"HOTEL"|"13"|"MANABI"|"1308"|"MANTA"|\N|\N
"421"|"459"|"913"|"23"|"2 ESTRELLAS"|"2"|"ALOJAMIENTO"|"20"|"HOTEL"|"13"|"MANABI"|"1308"|"MANTA"|\N|\N
"422"|"23"|"42"|"24"|"3 ESTRELLAS"|"2"|"ALOJAMIENTO"|"17"|"HOSTAL"|"13"|"MANABI"|"1309"|"MONTECRISTI"|\N|\N
"423"|"22"|"43"|"23"|"2 ESTRELLAS"|"2"|"ALOJAMIENTO"|"17"|"HOSTAL"|"13"|"MANABI"|"1309"|"MONTECRISTI"|\N|\N
"424"|"18"|"20"|"23"|"2 ESTRELLAS"|"2"|"ALOJAMIENTO"|"17"|"HOSTAL"|"13"|"MANABI"|"1309"|"MONTECRISTI"|\N|\N
"425"|"25"|"52"|"24"|"3 ESTRELLAS"|"2"|"ALOJAMIENTO"|"19"|"HOSTERIA"|"13"|"MANABI"|"1309"|"MONTECRISTI"|\N|\N
"426"|"30"|"42"|"24"|"3 ESTRELLAS"|"2"|"ALOJAMIENTO"|"20"|"HOTEL"|"13"|"MANABI"|"1309"|"MONTECRISTI"|\N|\N
"427"|"32"|"38"|"23"|"2 ESTRELLAS"|"2"|"ALOJAMIENTO"|"20"|"HOTEL"|"13"|"MANABI"|"1309"|"MONTECRISTI"|\N|\N
"428"|"22"|"56"|"22"|"1 ESTRELLA"|"2"|"ALOJAMIENTO"|"17"|"HOSTAL"|"13"|"MANABI"|"1310"|"PAJAN"|\N|\N
"429"|"46"|"132"|"24"|"3 ESTRELLAS"|"2"|"ALOJAMIENTO"|"17"|"HOSTAL"|"13"|"MANABI"|"1317"|"PEDERNALES"|\N|\N
"430"|"125"|"310"|"23"|"2 ESTRELLAS"|"2"|"ALOJAMIENTO"|"17"|"HOSTAL"|"13"|"MANABI"|"1317"|"PEDERNALES"|\N|\N
"431"|"183"|"534"|"22"|"1 ESTRELLA"|"2"|"ALOJAMIENTO"|"17"|"HOSTAL"|"13"|"MANABI"|"1317"|"PEDERNALES"|\N|\N
"432"|"71"|"132"|"23"|"2 ESTRELLAS"|"2"|"ALOJAMIENTO"|"17"|"HOSTAL"|"13"|"MANABI"|"1317"|"PEDERNALES"|\N|\N
"433"|"134"|"273"|"24"|"3 ESTRELLAS"|"2"|"ALOJAMIENTO"|"19"|"HOSTERIA"|"13"|"MANABI"|"1317"|"PEDERNALES"|\N|\N
"434"|"60"|"127"|"25"|"4 ESTRELLAS"|"2"|"ALOJAMIENTO"|"20"|"HOTEL"|"13"|"MANABI"|"1317"|"PEDERNALES"|\N|\N
"435"|"49"|"164"|"24"|"3 ESTRELLAS"|"2"|"ALOJAMIENTO"|"20"|"HOTEL"|"13"|"MANABI"|"1317"|"PEDERNALES"|\N|\N
"436"|"105"|"282"|"23"|"2 ESTRELLAS"|"2"|"ALOJAMIENTO"|"20"|"HOTEL"|"13"|"MANABI"|"1317"|"PEDERNALES"|\N|\N
"437"|"13"|"31"|"24"|"3 ESTRELLAS"|"2"|"ALOJAMIENTO"|"17"|"HOSTAL"|"13"|"MANABI"|"1301"|"PORTOVIEJO"|\N|\N
"438"|"48"|"131"|"23"|"2 ESTRELLAS"|"2"|"ALOJAMIENTO"|"17"|"HOSTAL"|"13"|"MANABI"|"1301"|"PORTOVIEJO"|\N|\N
"439"|"368"|"749"|"22"|"1 ESTRELLA"|"2"|"ALOJAMIENTO"|"17"|"HOSTAL"|"13"|"MANABI"|"1301"|"PORTOVIEJO"|\N|\N
"440"|"87"|"127"|"23"|"2 ESTRELLAS"|"2"|"ALOJAMIENTO"|"17"|"HOSTAL"|"13"|"MANABI"|"1301"|"PORTOVIEJO"|\N|\N
"441"|"95"|"256"|"24"|"3 ESTRELLAS"|"2"|"ALOJAMIENTO"|"19"|"HOSTERIA"|"13"|"MANABI"|"1301"|"PORTOVIEJO"|\N|\N
"442"|"48"|"94"|"25"|"4 ESTRELLAS"|"2"|"ALOJAMIENTO"|"20"|"HOTEL"|"13"|"MANABI"|"1301"|"PORTOVIEJO"|\N|\N
"443"|"229"|"519"|"24"|"3 ESTRELLAS"|"2"|"ALOJAMIENTO"|"20"|"HOTEL"|"13"|"MANABI"|"1301"|"PORTOVIEJO"|\N|\N
"444"|"187"|"435"|"23"|"2 ESTRELLAS"|"2"|"ALOJAMIENTO"|"20"|"HOTEL"|"13"|"MANABI"|"1301"|"PORTOVIEJO"|\N|\N
"445"|"6"|"6"|"21"|"UNICA"|"2"|"ALOJAMIENTO"|"8"|"CAMPAMENTO TURISTICO"|"13"|"MANABI"|"1319"|"PUERTO LOPEZ"|\N|\N
"446"|"52"|"129"|"21"|"UNICA"|"2"|"ALOJAMIENTO"|"9"|"CASA DE HUESPEDES"|"13"|"MANABI"|"1319"|"PUERTO LOPEZ"|\N|\N
"447"|"41"|"89"|"24"|"3 ESTRELLAS"|"2"|"ALOJAMIENTO"|"17"|"HOSTAL"|"13"|"MANABI"|"1319"|"PUERTO LOPEZ"|\N|\N
"448"|"84"|"216"|"23"|"2 ESTRELLAS"|"2"|"ALOJAMIENTO"|"17"|"HOSTAL"|"13"|"MANABI"|"1319"|"PUERTO LOPEZ"|\N|\N
"449"|"323"|"887"|"22"|"1 ESTRELLA"|"2"|"ALOJAMIENTO"|"17"|"HOSTAL"|"13"|"MANABI"|"1319"|"PUERTO LOPEZ"|\N|\N
"450"|"12"|"29"|"24"|"3 ESTRELLAS"|"2"|"ALOJAMIENTO"|"17"|"HOSTAL"|"13"|"MANABI"|"1319"|"PUERTO LOPEZ"|\N|\N
"451"|"12"|"24"|"23"|"2 ESTRELLAS"|"2"|"ALOJAMIENTO"|"17"|"HOSTAL"|"13"|"MANABI"|"1319"|"PUERTO LOPEZ"|\N|\N
"452"|"58"|"138"|"25"|"4 ESTRELLAS"|"2"|"ALOJAMIENTO"|"19"|"HOSTERIA"|"13"|"MANABI"|"1319"|"PUERTO LOPEZ"|\N|\N
"453"|"135"|"365"|"24"|"3 ESTRELLAS"|"2"|"ALOJAMIENTO"|"19"|"HOSTERIA"|"13"|"MANABI"|"1319"|"PUERTO LOPEZ"|\N|\N
"454"|"38"|"75"|"24"|"3 ESTRELLAS"|"2"|"ALOJAMIENTO"|"20"|"HOTEL"|"13"|"MANABI"|"1319"|"PUERTO LOPEZ"|\N|\N
"455"|"49"|"144"|"23"|"2 ESTRELLAS"|"2"|"ALOJAMIENTO"|"20"|"HOTEL"|"13"|"MANABI"|"1319"|"PUERTO LOPEZ"|\N|\N
"456"|"12"|"27"|"25"|"4 ESTRELLAS"|"2"|"ALOJAMIENTO"|"21"|"LODGE"|"13"|"MANABI"|"1319"|"PUERTO LOPEZ"|\N|\N
"457"|"53"|"135"|"24"|"3 ESTRELLAS"|"2"|"ALOJAMIENTO"|"19"|"HOSTERIA"|"13"|"MANABI"|"1312"|"ROCAFUERTE"|\N|\N
"458"|"7"|"8"|"21"|"UNICA"|"2"|"ALOJAMIENTO"|"8"|"CAMPAMENTO TURISTICO"|"13"|"MANABI"|"1322"|"SAN VICENTE"|\N|\N
"459"|"7"|"13"|"21"|"UNICA"|"2"|"ALOJAMIENTO"|"9"|"CASA DE HUESPEDES"|"13"|"MANABI"|"1322"|"SAN VICENTE"|\N|\N
"460"|"5"|"24"|"24"|"3 ESTRELLAS"|"2"|"ALOJAMIENTO"|"16"|"HACIENDA TURISTICA"|"13"|"MANABI"|"1322"|"SAN VICENTE"|\N|\N
"461"|"108"|"234"|"24"|"3 ESTRELLAS"|"2"|"ALOJAMIENTO"|"17"|"HOSTAL"|"13"|"MANABI"|"1322"|"SAN VICENTE"|\N|\N
"462"|"108"|"234"|"23"|"2 ESTRELLAS"|"2"|"ALOJAMIENTO"|"17"|"HOSTAL"|"13"|"MANABI"|"1322"|"SAN VICENTE"|\N|\N
"463"|"154"|"489"|"22"|"1 ESTRELLA"|"2"|"ALOJAMIENTO"|"17"|"HOSTAL"|"13"|"MANABI"|"1322"|"SAN VICENTE"|\N|\N
"464"|"29"|"70"|"24"|"3 ESTRELLAS"|"2"|"ALOJAMIENTO"|"17"|"HOSTAL"|"13"|"MANABI"|"1322"|"SAN VICENTE"|\N|\N
"465"|"143"|"169"|"23"|"2 ESTRELLAS"|"2"|"ALOJAMIENTO"|"17"|"HOSTAL"|"13"|"MANABI"|"1322"|"SAN VICENTE"|\N|\N
"466"|"56"|"168"|"24"|"3 ESTRELLAS"|"2"|"ALOJAMIENTO"|"19"|"HOSTERIA"|"13"|"MANABI"|"1322"|"SAN VICENTE"|\N|\N
"467"|"20"|"72"|"24"|"3 ESTRELLAS"|"2"|"ALOJAMIENTO"|"20"|"HOTEL"|"13"|"MANABI"|"1322"|"SAN VICENTE"|\N|\N
"468"|"33"|"124"|"23"|"2 ESTRELLAS"|"2"|"ALOJAMIENTO"|"20"|"HOTEL"|"13"|"MANABI"|"1322"|"SAN VICENTE"|\N|\N
"469"|"31"|"55"|"22"|"1 ESTRELLA"|"2"|"ALOJAMIENTO"|"17"|"HOSTAL"|"13"|"MANABI"|"1313"|"SANTA ANA"|\N|\N
"470"|"14"|"38"|"24"|"3 ESTRELLAS"|"2"|"ALOJAMIENTO"|"19"|"HOSTERIA"|"13"|"MANABI"|"1313"|"SANTA ANA"|\N|\N
"471"|"11"|"18"|"21"|"UNICA"|"2"|"ALOJAMIENTO"|"9"|"CASA DE HUESPEDES"|"13"|"MANABI"|"1314"|"SUCRE"|\N|\N
"472"|"54"|"118"|"24"|"3 ESTRELLAS"|"2"|"ALOJAMIENTO"|"17"|"HOSTAL"|"13"|"MANABI"|"1314"|"SUCRE"|\N|\N
"473"|"58"|"119"|"23"|"2 ESTRELLAS"|"2"|"ALOJAMIENTO"|"17"|"HOSTAL"|"13"|"MANABI"|"1314"|"SUCRE"|\N|\N
"474"|"105"|"318"|"22"|"1 ESTRELLA"|"2"|"ALOJAMIENTO"|"17"|"HOSTAL"|"13"|"MANABI"|"1314"|"SUCRE"|\N|\N
"475"|"12"|"34"|"24"|"3 ESTRELLAS"|"2"|"ALOJAMIENTO"|"17"|"HOSTAL"|"13"|"MANABI"|"1314"|"SUCRE"|\N|\N
"476"|"69"|"160"|"23"|"2 ESTRELLAS"|"2"|"ALOJAMIENTO"|"17"|"HOSTAL"|"13"|"MANABI"|"1314"|"SUCRE"|\N|\N
"477"|"48"|"171"|"24"|"3 ESTRELLAS"|"2"|"ALOJAMIENTO"|"19"|"HOSTERIA"|"13"|"MANABI"|"1314"|"SUCRE"|\N|\N
"478"|"94"|"205"|"25"|"4 ESTRELLAS"|"2"|"ALOJAMIENTO"|"20"|"HOTEL"|"13"|"MANABI"|"1314"|"SUCRE"|\N|\N
"479"|"116"|"264"|"24"|"3 ESTRELLAS"|"2"|"ALOJAMIENTO"|"20"|"HOTEL"|"13"|"MANABI"|"1314"|"SUCRE"|\N|\N
"480"|"56"|"162"|"23"|"2 ESTRELLAS"|"2"|"ALOJAMIENTO"|"20"|"HOTEL"|"13"|"MANABI"|"1314"|"SUCRE"|\N|\N
"481"|"28"|"78"|"22"|"1 ESTRELLA"|"2"|"ALOJAMIENTO"|"17"|"HOSTAL"|"13"|"MANABI"|"1315"|"TOSAGUA"|\N|\N
"482"|"14"|"28"|"23"|"2 ESTRELLAS"|"2"|"ALOJAMIENTO"|"17"|"HOSTAL"|"13"|"MANABI"|"1315"|"TOSAGUA"|\N|\N
"483"|"37"|"61"|"23"|"2 ESTRELLAS"|"2"|"ALOJAMIENTO"|"20"|"HOTEL"|"13"|"MANABI"|"1315"|"TOSAGUA"|\N|\N
"484"|"20"|"32"|"23"|"2 ESTRELLAS"|"2"|"ALOJAMIENTO"|"17"|"HOSTAL"|"14"|"MORONA SANTIAGO"|"1402"|"GUALAQUIZA"|\N|\N
"485"|"95"|"162"|"22"|"1 ESTRELLA"|"2"|"ALOJAMIENTO"|"17"|"HOSTAL"|"14"|"MORONA SANTIAGO"|"1402"|"GUALAQUIZA"|\N|\N
"486"|"21"|"40"|"24"|"3 ESTRELLAS"|"2"|"ALOJAMIENTO"|"19"|"HOSTERIA"|"14"|"MORONA SANTIAGO"|"1402"|"GUALAQUIZA"|\N|\N
"487"|"117"|"183"|"23"|"2 ESTRELLAS"|"2"|"ALOJAMIENTO"|"20"|"HOTEL"|"14"|"MORONA SANTIAGO"|"1402"|"GUALAQUIZA"|\N|\N
"488"|"100"|"160"|"22"|"1 ESTRELLA"|"2"|"ALOJAMIENTO"|"17"|"HOSTAL"|"14"|"MORONA SANTIAGO"|"1403"|"LIMON INDANZA"|\N|\N
"489"|"10"|"27"|"22"|"1 ESTRELLA"|"2"|"ALOJAMIENTO"|"17"|"HOSTAL"|"14"|"MORONA SANTIAGO"|"1410"|"LOGROÑO"|\N|\N
"490"|"4"|"6"|"21"|"UNICA"|"2"|"ALOJAMIENTO"|"9"|"CASA DE HUESPEDES"|"14"|"MORONA SANTIAGO"|"1401"|"MORONA"|\N|\N
"491"|"131"|"277"|"23"|"2 ESTRELLAS"|"2"|"ALOJAMIENTO"|"17"|"HOSTAL"|"14"|"MORONA SANTIAGO"|"1401"|"MORONA"|\N|\N
"492"|"192"|"341"|"22"|"1 ESTRELLA"|"2"|"ALOJAMIENTO"|"17"|"HOSTAL"|"14"|"MORONA SANTIAGO"|"1401"|"MORONA"|\N|\N
"493"|"56"|"117"|"24"|"3 ESTRELLAS"|"2"|"ALOJAMIENTO"|"19"|"HOSTERIA"|"14"|"MORONA SANTIAGO"|"1401"|"MORONA"|\N|\N
"494"|"41"|"96"|"24"|"3 ESTRELLAS"|"2"|"ALOJAMIENTO"|"20"|"HOTEL"|"14"|"MORONA SANTIAGO"|"1401"|"MORONA"|\N|\N
"495"|"158"|"292"|"23"|"2 ESTRELLAS"|"2"|"ALOJAMIENTO"|"20"|"HOTEL"|"14"|"MORONA SANTIAGO"|"1401"|"MORONA"|\N|\N
"496"|"12"|"23"|"22"|"1 ESTRELLA"|"2"|"ALOJAMIENTO"|"17"|"HOSTAL"|"14"|"MORONA SANTIAGO"|"1411"|"PABLO SEXTO"|\N|\N
"497"|"7"|"10"|"24"|"3 ESTRELLAS"|"2"|"ALOJAMIENTO"|"16"|"HACIENDA TURISTICA"|"14"|"MORONA SANTIAGO"|"1404"|"PALORA"|\N|\N
"498"|"12"|"24"|"22"|"1 ESTRELLA"|"2"|"ALOJAMIENTO"|"17"|"HOSTAL"|"14"|"MORONA SANTIAGO"|"1404"|"PALORA"|\N|\N
"499"|"30"|"60"|"23"|"2 ESTRELLAS"|"2"|"ALOJAMIENTO"|"20"|"HOTEL"|"14"|"MORONA SANTIAGO"|"1404"|"PALORA"|\N|\N
"500"|"7"|"18"|"25"|"4 ESTRELLAS"|"2"|"ALOJAMIENTO"|"21"|"LODGE"|"14"|"MORONA SANTIAGO"|"1404"|"PALORA"|\N|\N
"501"|"12"|"19"|"23"|"2 ESTRELLAS"|"2"|"ALOJAMIENTO"|"17"|"HOSTAL"|"14"|"MORONA SANTIAGO"|"1408"|"SAN JUAN BOSCO"|\N|\N
"502"|"25"|"38"|"23"|"2 ESTRELLAS"|"2"|"ALOJAMIENTO"|"20"|"HOTEL"|"14"|"MORONA SANTIAGO"|"1408"|"SAN JUAN BOSCO"|\N|\N
"503"|"16"|"26"|"23"|"2 ESTRELLAS"|"2"|"ALOJAMIENTO"|"17"|"HOSTAL"|"14"|"MORONA SANTIAGO"|"1405"|"SANTIAGO"|\N|\N
"504"|"39"|"49"|"22"|"1 ESTRELLA"|"2"|"ALOJAMIENTO"|"17"|"HOSTAL"|"14"|"MORONA SANTIAGO"|"1405"|"SANTIAGO"|\N|\N
"505"|"57"|"110"|"24"|"3 ESTRELLAS"|"2"|"ALOJAMIENTO"|"19"|"HOSTERIA"|"14"|"MORONA SANTIAGO"|"1405"|"SANTIAGO"|\N|\N
"506"|"31"|"52"|"25"|"4 ESTRELLAS"|"2"|"ALOJAMIENTO"|"20"|"HOTEL"|"14"|"MORONA SANTIAGO"|"1405"|"SANTIAGO"|\N|\N
"507"|"61"|"126"|"23"|"2 ESTRELLAS"|"2"|"ALOJAMIENTO"|"17"|"HOSTAL"|"14"|"MORONA SANTIAGO"|"1406"|"SUCUA"|\N|\N
"508"|"50"|"139"|"22"|"1 ESTRELLA"|"2"|"ALOJAMIENTO"|"17"|"HOSTAL"|"14"|"MORONA SANTIAGO"|"1406"|"SUCUA"|\N|\N
"509"|"50"|"120"|"24"|"3 ESTRELLAS"|"2"|"ALOJAMIENTO"|"19"|"HOSTERIA"|"14"|"MORONA SANTIAGO"|"1406"|"SUCUA"|\N|\N
"510"|"71"|"134"|"23"|"2 ESTRELLAS"|"2"|"ALOJAMIENTO"|"20"|"HOTEL"|"14"|"MORONA SANTIAGO"|"1406"|"SUCUA"|\N|\N
"511"|"8"|"20"|"22"|"1 ESTRELLA"|"2"|"ALOJAMIENTO"|"17"|"HOSTAL"|"14"|"MORONA SANTIAGO"|"1412"|"TIWINTZA"|\N|\N
"512"|"26"|"38"|"23"|"2 ESTRELLAS"|"2"|"ALOJAMIENTO"|"17"|"HOSTAL"|"15"|"NAPO"|"1503"|"ARCHIDONA"|\N|\N
"513"|"12"|"30"|"22"|"1 ESTRELLA"|"2"|"ALOJAMIENTO"|"17"|"HOSTAL"|"15"|"NAPO"|"1503"|"ARCHIDONA"|\N|\N
"514"|"16"|"40"|"25"|"4 ESTRELLAS"|"2"|"ALOJAMIENTO"|"19"|"HOSTERIA"|"15"|"NAPO"|"1503"|"ARCHIDONA"|\N|\N
"515"|"90"|"226"|"24"|"3 ESTRELLAS"|"2"|"ALOJAMIENTO"|"19"|"HOSTERIA"|"15"|"NAPO"|"1503"|"ARCHIDONA"|\N|\N
"516"|"23"|"47"|"23"|"2 ESTRELLAS"|"2"|"ALOJAMIENTO"|"20"|"HOTEL"|"15"|"NAPO"|"1503"|"ARCHIDONA"|\N|\N
"517"|"20"|"47"|"25"|"4 ESTRELLAS"|"2"|"ALOJAMIENTO"|"21"|"LODGE"|"15"|"NAPO"|"1503"|"ARCHIDONA"|\N|\N
"518"|"11"|"31"|"24"|"3 ESTRELLAS"|"2"|"ALOJAMIENTO"|"19"|"HOSTERIA"|"15"|"NAPO"|"1509"|"CARLOS JULIO AROSEMENA TOLA"|\N|\N
"519"|"25"|"52"|"21"|"UNICA"|"2"|"ALOJAMIENTO"|"9"|"CASA DE HUESPEDES"|"15"|"NAPO"|"1504"|"EL CHACO"|\N|\N
"520"|"61"|"136"|"22"|"1 ESTRELLA"|"2"|"ALOJAMIENTO"|"17"|"HOSTAL"|"15"|"NAPO"|"1504"|"EL CHACO"|\N|\N
"521"|"14"|"31"|"23"|"2 ESTRELLAS"|"2"|"ALOJAMIENTO"|"17"|"HOSTAL"|"15"|"NAPO"|"1504"|"EL CHACO"|\N|\N
"522"|"10"|"39"|"24"|"3 ESTRELLAS"|"2"|"ALOJAMIENTO"|"19"|"HOSTERIA"|"15"|"NAPO"|"1504"|"EL CHACO"|\N|\N
"523"|"26"|"37"|"23"|"2 ESTRELLAS"|"2"|"ALOJAMIENTO"|"20"|"HOTEL"|"15"|"NAPO"|"1504"|"EL CHACO"|\N|\N
"524"|"5"|"12"|"21"|"UNICA"|"2"|"ALOJAMIENTO"|"9"|"CASA DE HUESPEDES"|"15"|"NAPO"|"1507"|"QUIJOS"|\N|\N
"525"|"10"|"22"|"24"|"3 ESTRELLAS"|"2"|"ALOJAMIENTO"|"17"|"HOSTAL"|"15"|"NAPO"|"1507"|"QUIJOS"|\N|\N
"526"|"14"|"27"|"23"|"2 ESTRELLAS"|"2"|"ALOJAMIENTO"|"17"|"HOSTAL"|"15"|"NAPO"|"1507"|"QUIJOS"|\N|\N
"527"|"170"|"324"|"22"|"1 ESTRELLA"|"2"|"ALOJAMIENTO"|"17"|"HOSTAL"|"15"|"NAPO"|"1507"|"QUIJOS"|\N|\N
"528"|"12"|"35"|"23"|"2 ESTRELLAS"|"2"|"ALOJAMIENTO"|"17"|"HOSTAL"|"15"|"NAPO"|"1507"|"QUIJOS"|\N|\N
"529"|"38"|"82"|"26"|"5 ESTRELLAS"|"2"|"ALOJAMIENTO"|"19"|"HOSTERIA"|"15"|"NAPO"|"1507"|"QUIJOS"|\N|\N
"530"|"7"|"12"|"25"|"4 ESTRELLAS"|"2"|"ALOJAMIENTO"|"19"|"HOSTERIA"|"15"|"NAPO"|"1507"|"QUIJOS"|\N|\N
"531"|"94"|"161"|"24"|"3 ESTRELLAS"|"2"|"ALOJAMIENTO"|"19"|"HOSTERIA"|"15"|"NAPO"|"1507"|"QUIJOS"|\N|\N
"532"|"16"|"30"|"24"|"3 ESTRELLAS"|"2"|"ALOJAMIENTO"|"20"|"HOTEL"|"15"|"NAPO"|"1507"|"QUIJOS"|\N|\N
"533"|"12"|"17"|"23"|"2 ESTRELLAS"|"2"|"ALOJAMIENTO"|"20"|"HOTEL"|"15"|"NAPO"|"1507"|"QUIJOS"|\N|\N
"534"|"4"|"4"|"25"|"4 ESTRELLAS"|"2"|"ALOJAMIENTO"|"21"|"LODGE"|"15"|"NAPO"|"1507"|"QUIJOS"|\N|\N
"535"|"11"|"34"|"21"|"UNICA"|"2"|"ALOJAMIENTO"|"28"|"REFUGIO"|"15"|"NAPO"|"1507"|"QUIJOS"|\N|\N
"536"|"6"|"24"|"21"|"UNICA"|"2"|"ALOJAMIENTO"|"8"|"CAMPAMENTO TURISTICO"|"15"|"NAPO"|"1501"|"TENA"|\N|\N
"537"|"8"|"25"|"21"|"UNICA"|"2"|"ALOJAMIENTO"|"9"|"CASA DE HUESPEDES"|"15"|"NAPO"|"1501"|"TENA"|\N|\N
"538"|"146"|"310"|"24"|"3 ESTRELLAS"|"2"|"ALOJAMIENTO"|"17"|"HOSTAL"|"15"|"NAPO"|"1501"|"TENA"|\N|\N
"539"|"125"|"261"|"23"|"2 ESTRELLAS"|"2"|"ALOJAMIENTO"|"17"|"HOSTAL"|"15"|"NAPO"|"1501"|"TENA"|\N|\N
"540"|"661"|"1548"|"22"|"1 ESTRELLA"|"2"|"ALOJAMIENTO"|"17"|"HOSTAL"|"15"|"NAPO"|"1501"|"TENA"|\N|\N
"541"|"17"|"21"|"23"|"2 ESTRELLAS"|"2"|"ALOJAMIENTO"|"17"|"HOSTAL"|"15"|"NAPO"|"1501"|"TENA"|\N|\N
"542"|"11"|"38"|"26"|"5 ESTRELLAS"|"2"|"ALOJAMIENTO"|"19"|"HOSTERIA"|"15"|"NAPO"|"1501"|"TENA"|\N|\N
"543"|"109"|"266"|"25"|"4 ESTRELLAS"|"2"|"ALOJAMIENTO"|"19"|"HOSTERIA"|"15"|"NAPO"|"1501"|"TENA"|\N|\N
"544"|"361"|"935"|"24"|"3 ESTRELLAS"|"2"|"ALOJAMIENTO"|"19"|"HOSTERIA"|"15"|"NAPO"|"1501"|"TENA"|\N|\N
"545"|"47"|"102"|"25"|"4 ESTRELLAS"|"2"|"ALOJAMIENTO"|"20"|"HOTEL"|"15"|"NAPO"|"1501"|"TENA"|\N|\N
"546"|"132"|"304"|"24"|"3 ESTRELLAS"|"2"|"ALOJAMIENTO"|"20"|"HOTEL"|"15"|"NAPO"|"1501"|"TENA"|\N|\N
"547"|"152"|"297"|"23"|"2 ESTRELLAS"|"2"|"ALOJAMIENTO"|"20"|"HOTEL"|"15"|"NAPO"|"1501"|"TENA"|\N|\N
"548"|"27"|"79"|"25"|"4 ESTRELLAS"|"2"|"ALOJAMIENTO"|"21"|"LODGE"|"15"|"NAPO"|"1501"|"TENA"|\N|\N
"549"|"41"|"85"|"26"|"5 ESTRELLAS"|"2"|"ALOJAMIENTO"|"29"|"RESORT"|"15"|"NAPO"|"1501"|"TENA"|\N|\N
"550"|"42"|"110"|"22"|"1 ESTRELLA"|"2"|"ALOJAMIENTO"|"17"|"HOSTAL"|"16"|"PASTAZA"|"1602"|"MERA"|\N|\N
"551"|"30"|"67"|"24"|"3 ESTRELLAS"|"2"|"ALOJAMIENTO"|"19"|"HOSTERIA"|"16"|"PASTAZA"|"1602"|"MERA"|\N|\N
"552"|"27"|"45"|"23"|"2 ESTRELLAS"|"2"|"ALOJAMIENTO"|"20"|"HOTEL"|"16"|"PASTAZA"|"1602"|"MERA"|\N|\N
"553"|"17"|"31"|"21"|"UNICA"|"2"|"ALOJAMIENTO"|"9"|"CASA DE HUESPEDES"|"16"|"PASTAZA"|"1601"|"PASTAZA"|\N|\N
"554"|"10"|"23"|"24"|"3 ESTRELLAS"|"2"|"ALOJAMIENTO"|"17"|"HOSTAL"|"16"|"PASTAZA"|"1601"|"PASTAZA"|\N|\N
"555"|"117"|"252"|"23"|"2 ESTRELLAS"|"2"|"ALOJAMIENTO"|"17"|"HOSTAL"|"16"|"PASTAZA"|"1601"|"PASTAZA"|\N|\N
"556"|"381"|"737"|"22"|"1 ESTRELLA"|"2"|"ALOJAMIENTO"|"17"|"HOSTAL"|"16"|"PASTAZA"|"1601"|"PASTAZA"|\N|\N
"557"|"298"|"715"|"24"|"3 ESTRELLAS"|"2"|"ALOJAMIENTO"|"19"|"HOSTERIA"|"16"|"PASTAZA"|"1601"|"PASTAZA"|\N|\N
"558"|"22"|"54"|"24"|"3 ESTRELLAS"|"2"|"ALOJAMIENTO"|"20"|"HOTEL"|"16"|"PASTAZA"|"1601"|"PASTAZA"|\N|\N
"559"|"214"|"390"|"23"|"2 ESTRELLAS"|"2"|"ALOJAMIENTO"|"20"|"HOTEL"|"16"|"PASTAZA"|"1601"|"PASTAZA"|\N|\N
"560"|"12"|"31"|"25"|"4 ESTRELLAS"|"2"|"ALOJAMIENTO"|"21"|"LODGE"|"16"|"PASTAZA"|"1601"|"PASTAZA"|\N|\N
"561"|"10"|"29"|"22"|"1 ESTRELLA"|"2"|"ALOJAMIENTO"|"17"|"HOSTAL"|"16"|"PASTAZA"|"1603"|"SANTA CLARA"|\N|\N
"562"|"7"|"15"|"25"|"4 ESTRELLAS"|"2"|"ALOJAMIENTO"|"21"|"LODGE"|"16"|"PASTAZA"|"1603"|"SANTA CLARA"|\N|\N
"563"|"3"|"9"|"21"|"UNICA"|"2"|"ALOJAMIENTO"|"9"|"CASA DE HUESPEDES"|"17"|"PICHINCHA"|"1702"|"CAYAMBE"|\N|\N
"564"|"10"|"22"|"24"|"3 ESTRELLAS"|"2"|"ALOJAMIENTO"|"16"|"HACIENDA TURISTICA"|"17"|"PICHINCHA"|"1702"|"CAYAMBE"|\N|\N
"565"|"18"|"24"|"23"|"2 ESTRELLAS"|"2"|"ALOJAMIENTO"|"17"|"HOSTAL"|"17"|"PICHINCHA"|"1702"|"CAYAMBE"|\N|\N
"566"|"182"|"331"|"22"|"1 ESTRELLA"|"2"|"ALOJAMIENTO"|"17"|"HOSTAL"|"17"|"PICHINCHA"|"1702"|"CAYAMBE"|\N|\N
"567"|"39"|"53"|"23"|"2 ESTRELLAS"|"2"|"ALOJAMIENTO"|"17"|"HOSTAL"|"17"|"PICHINCHA"|"1702"|"CAYAMBE"|\N|\N
"568"|"22"|"44"|"25"|"4 ESTRELLAS"|"2"|"ALOJAMIENTO"|"19"|"HOSTERIA"|"17"|"PICHINCHA"|"1702"|"CAYAMBE"|\N|\N
"569"|"42"|"101"|"24"|"3 ESTRELLAS"|"2"|"ALOJAMIENTO"|"19"|"HOSTERIA"|"17"|"PICHINCHA"|"1702"|"CAYAMBE"|\N|\N
"570"|"20"|"27"|"24"|"3 ESTRELLAS"|"2"|"ALOJAMIENTO"|"20"|"HOTEL"|"17"|"PICHINCHA"|"1702"|"CAYAMBE"|\N|\N
"571"|"9"|"38"|"21"|"UNICA"|"2"|"ALOJAMIENTO"|"28"|"REFUGIO"|"17"|"PICHINCHA"|"1702"|"CAYAMBE"|\N|\N
"572"|"27"|"53"|"24"|"3 ESTRELLAS"|"2"|"ALOJAMIENTO"|"16"|"HACIENDA TURISTICA"|"17"|"PICHINCHA"|"1703"|"MEJIA"|\N|\N
"573"|"20"|"30"|"24"|"3 ESTRELLAS"|"2"|"ALOJAMIENTO"|"17"|"HOSTAL"|"17"|"PICHINCHA"|"1703"|"MEJIA"|\N|\N
"574"|"138"|"238"|"22"|"1 ESTRELLA"|"2"|"ALOJAMIENTO"|"17"|"HOSTAL"|"17"|"PICHINCHA"|"1703"|"MEJIA"|\N|\N
"575"|"13"|"22"|"24"|"3 ESTRELLAS"|"2"|"ALOJAMIENTO"|"17"|"HOSTAL"|"17"|"PICHINCHA"|"1703"|"MEJIA"|\N|\N
"576"|"22"|"82"|"26"|"5 ESTRELLAS"|"2"|"ALOJAMIENTO"|"19"|"HOSTERIA"|"17"|"PICHINCHA"|"1703"|"MEJIA"|\N|\N
"577"|"64"|"138"|"25"|"4 ESTRELLAS"|"2"|"ALOJAMIENTO"|"19"|"HOSTERIA"|"17"|"PICHINCHA"|"1703"|"MEJIA"|\N|\N
"578"|"96"|"230"|"24"|"3 ESTRELLAS"|"2"|"ALOJAMIENTO"|"19"|"HOSTERIA"|"17"|"PICHINCHA"|"1703"|"MEJIA"|\N|\N
"579"|"34"|"58"|"24"|"3 ESTRELLAS"|"2"|"ALOJAMIENTO"|"20"|"HOTEL"|"17"|"PICHINCHA"|"1703"|"MEJIA"|\N|\N
"580"|"6"|"15"|"21"|"UNICA"|"2"|"ALOJAMIENTO"|"28"|"REFUGIO"|"17"|"PICHINCHA"|"1703"|"MEJIA"|\N|\N
"581"|"14"|"18"|"23"|"2 ESTRELLAS"|"2"|"ALOJAMIENTO"|"17"|"HOSTAL"|"17"|"PICHINCHA"|"1704"|"PEDRO MONCAYO"|\N|\N
"582"|"10"|"10"|"22"|"1 ESTRELLA"|"2"|"ALOJAMIENTO"|"17"|"HOSTAL"|"17"|"PICHINCHA"|"1704"|"PEDRO MONCAYO"|\N|\N
"583"|"38"|"74"|"25"|"4 ESTRELLAS"|"2"|"ALOJAMIENTO"|"19"|"HOSTERIA"|"17"|"PICHINCHA"|"1704"|"PEDRO MONCAYO"|\N|\N
"584"|"24"|"44"|"24"|"3 ESTRELLAS"|"2"|"ALOJAMIENTO"|"19"|"HOSTERIA"|"17"|"PICHINCHA"|"1704"|"PEDRO MONCAYO"|\N|\N
"585"|"14"|"24"|"23"|"2 ESTRELLAS"|"2"|"ALOJAMIENTO"|"20"|"HOTEL"|"17"|"PICHINCHA"|"1704"|"PEDRO MONCAYO"|\N|\N
"586"|"4"|"5"|"21"|"UNICA"|"2"|"ALOJAMIENTO"|"9"|"CASA DE HUESPEDES"|"17"|"PICHINCHA"|"1708"|"PEDRO VICENTE MALDONADO"|\N|\N
"587"|"80"|"143"|"22"|"1 ESTRELLA"|"2"|"ALOJAMIENTO"|"17"|"HOSTAL"|"17"|"PICHINCHA"|"1708"|"PEDRO VICENTE MALDONADO"|\N|\N
"588"|"60"|"188"|"26"|"5 ESTRELLAS"|"2"|"ALOJAMIENTO"|"19"|"HOSTERIA"|"17"|"PICHINCHA"|"1708"|"PEDRO VICENTE MALDONADO"|\N|\N
"589"|"57"|"117"|"25"|"4 ESTRELLAS"|"2"|"ALOJAMIENTO"|"19"|"HOSTERIA"|"17"|"PICHINCHA"|"1708"|"PEDRO VICENTE MALDONADO"|\N|\N
"590"|"36"|"93"|"24"|"3 ESTRELLAS"|"2"|"ALOJAMIENTO"|"19"|"HOSTERIA"|"17"|"PICHINCHA"|"1708"|"PEDRO VICENTE MALDONADO"|\N|\N
"591"|"73"|"109"|"23"|"2 ESTRELLAS"|"2"|"ALOJAMIENTO"|"20"|"HOTEL"|"17"|"PICHINCHA"|"1708"|"PEDRO VICENTE MALDONADO"|\N|\N
"592"|"12"|"27"|"21"|"UNICA"|"2"|"ALOJAMIENTO"|"8"|"CAMPAMENTO TURISTICO"|"17"|"PICHINCHA"|"1709"|"PUERTO QUITO"|\N|\N
"593"|"14"|"24"|"24"|"3 ESTRELLAS"|"2"|"ALOJAMIENTO"|"17"|"HOSTAL"|"17"|"PICHINCHA"|"1709"|"PUERTO QUITO"|\N|\N
"594"|"20"|"43"|"22"|"1 ESTRELLA"|"2"|"ALOJAMIENTO"|"17"|"HOSTAL"|"17"|"PICHINCHA"|"1709"|"PUERTO QUITO"|\N|\N
"595"|"52"|"106"|"25"|"4 ESTRELLAS"|"2"|"ALOJAMIENTO"|"19"|"HOSTERIA"|"17"|"PICHINCHA"|"1709"|"PUERTO QUITO"|\N|\N
"596"|"37"|"84"|"24"|"3 ESTRELLAS"|"2"|"ALOJAMIENTO"|"19"|"HOSTERIA"|"17"|"PICHINCHA"|"1709"|"PUERTO QUITO"|\N|\N
"597"|"12"|"22"|"23"|"2 ESTRELLAS"|"2"|"ALOJAMIENTO"|"20"|"HOTEL"|"17"|"PICHINCHA"|"1709"|"PUERTO QUITO"|\N|\N
"598"|"47"|"90"|"21"|"UNICA"|"2"|"ALOJAMIENTO"|"8"|"CAMPAMENTO TURISTICO"|"17"|"PICHINCHA"|"1701"|"QUITO"|\N|\N
"599"|"30"|"42"|"21"|"UNICA"|"2"|"ALOJAMIENTO"|"9"|"CASA DE HUESPEDES"|"17"|"PICHINCHA"|"1701"|"QUITO"|\N|\N
"600"|"34"|"55"|"26"|"5 ESTRELLAS"|"2"|"ALOJAMIENTO"|"16"|"HACIENDA TURISTICA"|"17"|"PICHINCHA"|"1701"|"QUITO"|\N|\N
"601"|"6"|"18"|"25"|"4 ESTRELLAS"|"2"|"ALOJAMIENTO"|"16"|"HACIENDA TURISTICA"|"17"|"PICHINCHA"|"1701"|"QUITO"|\N|\N
"602"|"36"|"65"|"24"|"3 ESTRELLAS"|"2"|"ALOJAMIENTO"|"16"|"HACIENDA TURISTICA"|"17"|"PICHINCHA"|"1701"|"QUITO"|\N|\N
"603"|"288"|"456"|"24"|"3 ESTRELLAS"|"2"|"ALOJAMIENTO"|"17"|"HOSTAL"|"17"|"PICHINCHA"|"1701"|"QUITO"|\N|\N
"604"|"4386"|"1042"|"23"|"2 ESTRELLAS"|"2"|"ALOJAMIENTO"|"17"|"HOSTAL"|"17"|"PICHINCHA"|"1701"|"QUITO"|\N|\N
"605"|"3401"|"4222"|"22"|"1 ESTRELLA"|"2"|"ALOJAMIENTO"|"17"|"HOSTAL"|"17"|"PICHINCHA"|"1701"|"QUITO"|\N|\N
"606"|"59"|"83"|"26"|"5 ESTRELLAS"|"2"|"ALOJAMIENTO"|"19"|"HOSTERIA"|"17"|"PICHINCHA"|"1701"|"QUITO"|\N|\N
"607"|"87"|"152"|"25"|"4 ESTRELLAS"|"2"|"ALOJAMIENTO"|"19"|"HOSTERIA"|"17"|"PICHINCHA"|"1701"|"QUITO"|\N|\N
"608"|"177"|"358"|"24"|"3 ESTRELLAS"|"2"|"ALOJAMIENTO"|"19"|"HOSTERIA"|"17"|"PICHINCHA"|"1701"|"QUITO"|\N|\N
"609"|"1698"|"2020"|"26"|"5 ESTRELLAS"|"2"|"ALOJAMIENTO"|"20"|"HOTEL"|"17"|"PICHINCHA"|"1701"|"QUITO"|\N|\N
"610"|"1181"|"1818"|"25"|"4 ESTRELLAS"|"2"|"ALOJAMIENTO"|"20"|"HOTEL"|"17"|"PICHINCHA"|"1701"|"QUITO"|\N|\N
"611"|"1735"|"2740"|"24"|"3 ESTRELLAS"|"2"|"ALOJAMIENTO"|"20"|"HOTEL"|"17"|"PICHINCHA"|"1701"|"QUITO"|\N|\N
"612"|"848"|"1188"|"23"|"2 ESTRELLAS"|"2"|"ALOJAMIENTO"|"20"|"HOTEL"|"17"|"PICHINCHA"|"1701"|"QUITO"|\N|\N
"613"|"31"|"38"|"26"|"5 ESTRELLAS"|"2"|"ALOJAMIENTO"|"21"|"LODGE"|"17"|"PICHINCHA"|"1701"|"QUITO"|\N|\N
"614"|"45"|"76"|"25"|"4 ESTRELLAS"|"2"|"ALOJAMIENTO"|"21"|"LODGE"|"17"|"PICHINCHA"|"1701"|"QUITO"|\N|\N
"615"|"10"|"12"|"21"|"UNICA"|"2"|"ALOJAMIENTO"|"28"|"REFUGIO"|"17"|"PICHINCHA"|"1701"|"QUITO"|\N|\N
"616"|"36"|"54"|"24"|"3 ESTRELLAS"|"2"|"ALOJAMIENTO"|"17"|"HOSTAL"|"17"|"PICHINCHA"|"1705"|"RUMIÑAHUI"|\N|\N
"617"|"48"|"96"|"23"|"2 ESTRELLAS"|"2"|"ALOJAMIENTO"|"17"|"HOSTAL"|"17"|"PICHINCHA"|"1705"|"RUMIÑAHUI"|\N|\N
"618"|"210"|"297"|"22"|"1 ESTRELLA"|"2"|"ALOJAMIENTO"|"17"|"HOSTAL"|"17"|"PICHINCHA"|"1705"|"RUMIÑAHUI"|\N|\N
"619"|"22"|"40"|"26"|"5 ESTRELLAS"|"2"|"ALOJAMIENTO"|"19"|"HOSTERIA"|"17"|"PICHINCHA"|"1705"|"RUMIÑAHUI"|\N|\N
"620"|"105"|"212"|"24"|"3 ESTRELLAS"|"2"|"ALOJAMIENTO"|"19"|"HOSTERIA"|"17"|"PICHINCHA"|"1705"|"RUMIÑAHUI"|\N|\N
"621"|"51"|"82"|"23"|"2 ESTRELLAS"|"2"|"ALOJAMIENTO"|"20"|"HOTEL"|"17"|"PICHINCHA"|"1705"|"RUMIÑAHUI"|\N|\N
"622"|"20"|"60"|"21"|"UNICA"|"2"|"ALOJAMIENTO"|"8"|"CAMPAMENTO TURISTICO"|"17"|"PICHINCHA"|"1707"|"SAN MIGUEL DE LOS BANCOS"|\N|\N
"623"|"29"|"73"|"21"|"UNICA"|"2"|"ALOJAMIENTO"|"9"|"CASA DE HUESPEDES"|"17"|"PICHINCHA"|"1707"|"SAN MIGUEL DE LOS BANCOS"|\N|\N
"624"|"56"|"108"|"24"|"3 ESTRELLAS"|"2"|"ALOJAMIENTO"|"17"|"HOSTAL"|"17"|"PICHINCHA"|"1707"|"SAN MIGUEL DE LOS BANCOS"|\N|\N
"625"|"19"|"33"|"23"|"2 ESTRELLAS"|"2"|"ALOJAMIENTO"|"17"|"HOSTAL"|"17"|"PICHINCHA"|"1707"|"SAN MIGUEL DE LOS BANCOS"|\N|\N
"626"|"129"|"272"|"22"|"1 ESTRELLA"|"2"|"ALOJAMIENTO"|"17"|"HOSTAL"|"17"|"PICHINCHA"|"1707"|"SAN MIGUEL DE LOS BANCOS"|\N|\N
"627"|"43"|"100"|"26"|"5 ESTRELLAS"|"2"|"ALOJAMIENTO"|"19"|"HOSTERIA"|"17"|"PICHINCHA"|"1707"|"SAN MIGUEL DE LOS BANCOS"|\N|\N
"628"|"107"|"273"|"25"|"4 ESTRELLAS"|"2"|"ALOJAMIENTO"|"19"|"HOSTERIA"|"17"|"PICHINCHA"|"1707"|"SAN MIGUEL DE LOS BANCOS"|\N|\N
"629"|"259"|"660"|"24"|"3 ESTRELLAS"|"2"|"ALOJAMIENTO"|"19"|"HOSTERIA"|"17"|"PICHINCHA"|"1707"|"SAN MIGUEL DE LOS BANCOS"|\N|\N
"630"|"32"|"68"|"23"|"2 ESTRELLAS"|"2"|"ALOJAMIENTO"|"20"|"HOTEL"|"17"|"PICHINCHA"|"1707"|"SAN MIGUEL DE LOS BANCOS"|\N|\N
"631"|"0"|"0"|"21"|"UNICA"|"2"|"ALOJAMIENTO"|"28"|"REFUGIO"|"17"|"PICHINCHA"|"1707"|"SAN MIGUEL DE LOS BANCOS"|\N|\N
"632"|"22"|"28"|"23"|"2 ESTRELLAS"|"2"|"ALOJAMIENTO"|"17"|"HOSTAL"|"18"|"TUNGURAHUA"|"1801"|"AMBATO"|\N|\N
"633"|"172"|"317"|"22"|"1 ESTRELLA"|"2"|"ALOJAMIENTO"|"17"|"HOSTAL"|"18"|"TUNGURAHUA"|"1801"|"AMBATO"|\N|\N
"634"|"24"|"28"|"24"|"3 ESTRELLAS"|"2"|"ALOJAMIENTO"|"17"|"HOSTAL"|"18"|"TUNGURAHUA"|"1801"|"AMBATO"|\N|\N
"635"|"13"|"26"|"23"|"2 ESTRELLAS"|"2"|"ALOJAMIENTO"|"17"|"HOSTAL"|"18"|"TUNGURAHUA"|"1801"|"AMBATO"|\N|\N
"636"|"6"|"15"|"25"|"4 ESTRELLAS"|"2"|"ALOJAMIENTO"|"19"|"HOSTERIA"|"18"|"TUNGURAHUA"|"1801"|"AMBATO"|\N|\N
"637"|"17"|"31"|"24"|"3 ESTRELLAS"|"2"|"ALOJAMIENTO"|"19"|"HOSTERIA"|"18"|"TUNGURAHUA"|"1801"|"AMBATO"|\N|\N
"638"|"255"|"511"|"25"|"4 ESTRELLAS"|"2"|"ALOJAMIENTO"|"20"|"HOTEL"|"18"|"TUNGURAHUA"|"1801"|"AMBATO"|\N|\N
"639"|"142"|"245"|"24"|"3 ESTRELLAS"|"2"|"ALOJAMIENTO"|"20"|"HOTEL"|"18"|"TUNGURAHUA"|"1801"|"AMBATO"|\N|\N
"640"|"549"|"1100"|"23"|"2 ESTRELLAS"|"2"|"ALOJAMIENTO"|"20"|"HOTEL"|"18"|"TUNGURAHUA"|"1801"|"AMBATO"|\N|\N
"641"|"3"|"15"|"21"|"UNICA"|"2"|"ALOJAMIENTO"|"8"|"CAMPAMENTO TURISTICO"|"18"|"TUNGURAHUA"|"1802"|"BAÑOS DE AGUA SANTA"|\N|\N
"642"|"25"|"51"|"21"|"UNICA"|"2"|"ALOJAMIENTO"|"9"|"CASA DE HUESPEDES"|"18"|"TUNGURAHUA"|"1802"|"BAÑOS DE AGUA SANTA"|\N|\N
"643"|"62"|"197"|"24"|"3 ESTRELLAS"|"2"|"ALOJAMIENTO"|"17"|"HOSTAL"|"18"|"TUNGURAHUA"|"1802"|"BAÑOS DE AGUA SANTA"|\N|\N
"644"|"226"|"523"|"23"|"2 ESTRELLAS"|"2"|"ALOJAMIENTO"|"17"|"HOSTAL"|"18"|"TUNGURAHUA"|"1802"|"BAÑOS DE AGUA SANTA"|\N|\N
"645"|"1426"|"3331"|"22"|"1 ESTRELLA"|"2"|"ALOJAMIENTO"|"17"|"HOSTAL"|"18"|"TUNGURAHUA"|"1802"|"BAÑOS DE AGUA SANTA"|\N|\N
"646"|"52"|"94"|"23"|"2 ESTRELLAS"|"2"|"ALOJAMIENTO"|"17"|"HOSTAL"|"18"|"TUNGURAHUA"|"1802"|"BAÑOS DE AGUA SANTA"|\N|\N
"647"|"42"|"85"|"26"|"5 ESTRELLAS"|"2"|"ALOJAMIENTO"|"19"|"HOSTERIA"|"18"|"TUNGURAHUA"|"1802"|"BAÑOS DE AGUA SANTA"|\N|\N
"648"|"27"|"57"|"25"|"4 ESTRELLAS"|"2"|"ALOJAMIENTO"|"19"|"HOSTERIA"|"18"|"TUNGURAHUA"|"1802"|"BAÑOS DE AGUA SANTA"|\N|\N
"649"|"85"|"234"|"24"|"3 ESTRELLAS"|"2"|"ALOJAMIENTO"|"19"|"HOSTERIA"|"18"|"TUNGURAHUA"|"1802"|"BAÑOS DE AGUA SANTA"|\N|\N
"650"|"114"|"264"|"25"|"4 ESTRELLAS"|"2"|"ALOJAMIENTO"|"20"|"HOTEL"|"18"|"TUNGURAHUA"|"1802"|"BAÑOS DE AGUA SANTA"|\N|\N
"651"|"61"|"181"|"24"|"3 ESTRELLAS"|"2"|"ALOJAMIENTO"|"20"|"HOTEL"|"18"|"TUNGURAHUA"|"1802"|"BAÑOS DE AGUA SANTA"|\N|\N
"652"|"472"|"1082"|"23"|"2 ESTRELLAS"|"2"|"ALOJAMIENTO"|"20"|"HOTEL"|"18"|"TUNGURAHUA"|"1802"|"BAÑOS DE AGUA SANTA"|\N|\N
"653"|"9"|"12"|"24"|"3 ESTRELLAS"|"2"|"ALOJAMIENTO"|"19"|"HOSTERIA"|"18"|"TUNGURAHUA"|"1803"|"CEVALLOS"|\N|\N
"654"|"6"|"10"|"25"|"4 ESTRELLAS"|"2"|"ALOJAMIENTO"|"19"|"HOSTERIA"|"18"|"TUNGURAHUA"|"1804"|"MOCHA"|\N|\N
"655"|"14"|"25"|"22"|"1 ESTRELLA"|"2"|"ALOJAMIENTO"|"17"|"HOSTAL"|"18"|"TUNGURAHUA"|"1805"|"PATATE"|\N|\N
"656"|"21"|"46"|"25"|"4 ESTRELLAS"|"2"|"ALOJAMIENTO"|"19"|"HOSTERIA"|"18"|"TUNGURAHUA"|"1805"|"PATATE"|\N|\N
"657"|"21"|"46"|"24"|"3 ESTRELLAS"|"2"|"ALOJAMIENTO"|"19"|"HOSTERIA"|"18"|"TUNGURAHUA"|"1805"|"PATATE"|\N|\N
"658"|"27"|"55"|"23"|"2 ESTRELLAS"|"2"|"ALOJAMIENTO"|"17"|"HOSTAL"|"18"|"TUNGURAHUA"|"1807"|"PELILEO"|\N|\N
"659"|"23"|"40"|"23"|"2 ESTRELLAS"|"2"|"ALOJAMIENTO"|"20"|"HOTEL"|"18"|"TUNGURAHUA"|"1807"|"PELILEO"|\N|\N
"660"|"60"|"162"|"22"|"1 ESTRELLA"|"2"|"ALOJAMIENTO"|"17"|"HOSTAL"|"18"|"TUNGURAHUA"|"1808"|"PILLARO"|\N|\N
"661"|"16"|"33"|"24"|"3 ESTRELLAS"|"2"|"ALOJAMIENTO"|"19"|"HOSTERIA"|"18"|"TUNGURAHUA"|"1808"|"PILLARO"|\N|\N
"662"|"9"|"17"|"24"|"3 ESTRELLAS"|"2"|"ALOJAMIENTO"|"19"|"HOSTERIA"|"18"|"TUNGURAHUA"|"1809"|"TISALEO"|\N|\N
"663"|"27"|"30"|"22"|"1 ESTRELLA"|"2"|"ALOJAMIENTO"|"17"|"HOSTAL"|"19"|"ZAMORA CHINCHIPE"|"1902"|"CHINCHIPE"|\N|\N
"664"|"24"|"36"|"23"|"2 ESTRELLAS"|"2"|"ALOJAMIENTO"|"17"|"HOSTAL"|"19"|"ZAMORA CHINCHIPE"|"1906"|"EL PANGUI"|\N|\N
"665"|"16"|"37"|"22"|"1 ESTRELLA"|"2"|"ALOJAMIENTO"|"17"|"HOSTAL"|"19"|"ZAMORA CHINCHIPE"|"1906"|"EL PANGUI"|\N|\N
"666"|"13"|"17"|"23"|"2 ESTRELLAS"|"2"|"ALOJAMIENTO"|"17"|"HOSTAL"|"19"|"ZAMORA CHINCHIPE"|"1903"|"NANGARITZA"|\N|\N
"667"|"15"|"27"|"22"|"1 ESTRELLA"|"2"|"ALOJAMIENTO"|"17"|"HOSTAL"|"19"|"ZAMORA CHINCHIPE"|"1903"|"NANGARITZA"|\N|\N
"668"|"21"|"39"|"24"|"3 ESTRELLAS"|"2"|"ALOJAMIENTO"|"19"|"HOSTERIA"|"19"|"ZAMORA CHINCHIPE"|"1903"|"NANGARITZA"|\N|\N
"669"|"7"|"14"|"24"|"3 ESTRELLAS"|"2"|"ALOJAMIENTO"|"19"|"HOSTERIA"|"19"|"ZAMORA CHINCHIPE"|"1908"|"PALANDA"|\N|\N
"670"|"10"|"15"|"22"|"1 ESTRELLA"|"2"|"ALOJAMIENTO"|"17"|"HOSTAL"|"19"|"ZAMORA CHINCHIPE"|"1909"|"PAQUISHA"|\N|\N
"671"|"29"|"45"|"23"|"2 ESTRELLAS"|"2"|"ALOJAMIENTO"|"17"|"HOSTAL"|"19"|"ZAMORA CHINCHIPE"|"1905"|"YANTZAZA"|\N|\N
"672"|"118"|"186"|"22"|"1 ESTRELLA"|"2"|"ALOJAMIENTO"|"17"|"HOSTAL"|"19"|"ZAMORA CHINCHIPE"|"1905"|"YANTZAZA"|\N|\N
"673"|"20"|"39"|"24"|"3 ESTRELLAS"|"2"|"ALOJAMIENTO"|"19"|"HOSTERIA"|"19"|"ZAMORA CHINCHIPE"|"1905"|"YANTZAZA"|\N|\N
"674"|"25"|"33"|"24"|"3 ESTRELLAS"|"2"|"ALOJAMIENTO"|"20"|"HOTEL"|"19"|"ZAMORA CHINCHIPE"|"1905"|"YANTZAZA"|\N|\N
"675"|"44"|"79"|"23"|"2 ESTRELLAS"|"2"|"ALOJAMIENTO"|"17"|"HOSTAL"|"19"|"ZAMORA CHINCHIPE"|"1901"|"ZAMORA"|\N|\N
"676"|"101"|"177"|"22"|"1 ESTRELLA"|"2"|"ALOJAMIENTO"|"17"|"HOSTAL"|"19"|"ZAMORA CHINCHIPE"|"1901"|"ZAMORA"|\N|\N
"677"|"32"|"90"|"24"|"3 ESTRELLAS"|"2"|"ALOJAMIENTO"|"19"|"HOSTERIA"|"19"|"ZAMORA CHINCHIPE"|"1901"|"ZAMORA"|\N|\N
"678"|"55"|"101"|"23"|"2 ESTRELLAS"|"2"|"ALOJAMIENTO"|"20"|"HOTEL"|"19"|"ZAMORA CHINCHIPE"|"1901"|"ZAMORA"|\N|\N
"679"|"20"|"39"|"24"|"3 ESTRELLAS"|"2"|"ALOJAMIENTO"|"21"|"LODGE"|"19"|"ZAMORA CHINCHIPE"|"1901"|"ZAMORA"|\N|\N
"680"|"24"|"35"|"21"|"UNICA"|"2"|"ALOJAMIENTO"|"8"|"CAMPAMENTO TURISTICO"|"20"|"GALAPAGOS"|"2002"|"ISABELA"|\N|\N
"681"|"56"|"113"|"21"|"UNICA"|"2"|"ALOJAMIENTO"|"9"|"CASA DE HUESPEDES"|"20"|"GALAPAGOS"|"2002"|"ISABELA"|\N|\N
"682"|"438"|"1104"|"24"|"3 ESTRELLAS"|"2"|"ALOJAMIENTO"|"17"|"HOSTAL"|"20"|"GALAPAGOS"|"2002"|"ISABELA"|\N|\N
"683"|"34"|"65"|"25"|"4 ESTRELLAS"|"2"|"ALOJAMIENTO"|"20"|"HOTEL"|"20"|"GALAPAGOS"|"2002"|"ISABELA"|\N|\N
"684"|"32"|"74"|"24"|"3 ESTRELLAS"|"2"|"ALOJAMIENTO"|"20"|"HOTEL"|"20"|"GALAPAGOS"|"2002"|"ISABELA"|\N|\N
"685"|"37"|"76"|"25"|"4 ESTRELLAS"|"2"|"ALOJAMIENTO"|"21"|"LODGE"|"20"|"GALAPAGOS"|"2002"|"ISABELA"|\N|\N
"686"|"72"|"137"|"21"|"UNICA"|"2"|"ALOJAMIENTO"|"9"|"CASA DE HUESPEDES"|"20"|"GALAPAGOS"|"2001"|"SAN CRISTOBAL"|\N|\N
"687"|"426"|"921"|"24"|"3 ESTRELLAS"|"2"|"ALOJAMIENTO"|"17"|"HOSTAL"|"20"|"GALAPAGOS"|"2001"|"SAN CRISTOBAL"|\N|\N
"688"|"21"|"40"|"26"|"5 ESTRELLAS"|"2"|"ALOJAMIENTO"|"20"|"HOTEL"|"20"|"GALAPAGOS"|"2001"|"SAN CRISTOBAL"|\N|\N
"689"|"39"|"78"|"25"|"4 ESTRELLAS"|"2"|"ALOJAMIENTO"|"20"|"HOTEL"|"20"|"GALAPAGOS"|"2001"|"SAN CRISTOBAL"|\N|\N
"690"|"268"|"615"|"24"|"3 ESTRELLAS"|"2"|"ALOJAMIENTO"|"20"|"HOTEL"|"20"|"GALAPAGOS"|"2001"|"SAN CRISTOBAL"|\N|\N
"691"|"5"|"15"|"25"|"4 ESTRELLAS"|"2"|"ALOJAMIENTO"|"21"|"LODGE"|"20"|"GALAPAGOS"|"2001"|"SAN CRISTOBAL"|\N|\N
"692"|"8"|"24"|"21"|"UNICA"|"2"|"ALOJAMIENTO"|"8"|"CAMPAMENTO TURISTICO"|"20"|"GALAPAGOS"|"2003"|"SANTA CRUZ"|\N|\N
"693"|"97"|"177"|"21"|"UNICA"|"2"|"ALOJAMIENTO"|"9"|"CASA DE HUESPEDES"|"20"|"GALAPAGOS"|"2003"|"SANTA CRUZ"|\N|\N
"694"|"863"|"2076"|"24"|"3 ESTRELLAS"|"2"|"ALOJAMIENTO"|"17"|"HOSTAL"|"20"|"GALAPAGOS"|"2003"|"SANTA CRUZ"|\N|\N
"695"|"14"|"28"|"26"|"5 ESTRELLAS"|"2"|"ALOJAMIENTO"|"20"|"HOTEL"|"20"|"GALAPAGOS"|"2003"|"SANTA CRUZ"|\N|\N
"696"|"256"|"541"|"25"|"4 ESTRELLAS"|"2"|"ALOJAMIENTO"|"20"|"HOTEL"|"20"|"GALAPAGOS"|"2003"|"SANTA CRUZ"|\N|\N
"697"|"463"|"1089"|"24"|"3 ESTRELLAS"|"2"|"ALOJAMIENTO"|"20"|"HOTEL"|"20"|"GALAPAGOS"|"2003"|"SANTA CRUZ"|\N|\N
"698"|"112"|"266"|"25"|"4 ESTRELLAS"|"2"|"ALOJAMIENTO"|"21"|"LODGE"|"20"|"GALAPAGOS"|"2003"|"SANTA CRUZ"|\N|\N
"699"|"15"|"24"|"22"|"1 ESTRELLA"|"2"|"ALOJAMIENTO"|"17"|"HOSTAL"|"21"|"SUCUMBIOS"|"2106"|"CASCALES"|\N|\N
"700"|"13"|"13"|"23"|"2 ESTRELLAS"|"2"|"ALOJAMIENTO"|"17"|"HOSTAL"|"21"|"SUCUMBIOS"|"2106"|"CASCALES"|\N|\N
"701"|"23"|"46"|"23"|"2 ESTRELLAS"|"2"|"ALOJAMIENTO"|"17"|"HOSTAL"|"21"|"SUCUMBIOS"|"2107"|"CAYUBENO"|\N|\N
"702"|"35"|"60"|"22"|"1 ESTRELLA"|"2"|"ALOJAMIENTO"|"17"|"HOSTAL"|"21"|"SUCUMBIOS"|"2107"|"CAYUBENO"|\N|\N
"703"|"14"|"22"|"24"|"3 ESTRELLAS"|"2"|"ALOJAMIENTO"|"19"|"HOSTERIA"|"21"|"SUCUMBIOS"|"2107"|"CAYUBENO"|\N|\N
"704"|"33"|"111"|"25"|"4 ESTRELLAS"|"2"|"ALOJAMIENTO"|"21"|"LODGE"|"21"|"SUCUMBIOS"|"2107"|"CAYUBENO"|\N|\N
"705"|"1"|"100"|"21"|"UNICA"|"2"|"ALOJAMIENTO"|"8"|"CAMPAMENTO TURISTICO"|"21"|"SUCUMBIOS"|"2102"|"GONZALO PIZARRO"|\N|\N
"706"|"29"|"59"|"25"|"4 ESTRELLAS"|"2"|"ALOJAMIENTO"|"19"|"HOSTERIA"|"21"|"SUCUMBIOS"|"2102"|"GONZALO PIZARRO"|\N|\N
"707"|"51"|"78"|"23"|"2 ESTRELLAS"|"2"|"ALOJAMIENTO"|"20"|"HOTEL"|"21"|"SUCUMBIOS"|"2102"|"GONZALO PIZARRO"|\N|\N
"708"|"1"|"13"|"21"|"UNICA"|"2"|"ALOJAMIENTO"|"9"|"CASA DE HUESPEDES"|"21"|"SUCUMBIOS"|"2101"|"LAGO AGRIO"|\N|\N
"709"|"147"|"272"|"23"|"2 ESTRELLAS"|"2"|"ALOJAMIENTO"|"17"|"HOSTAL"|"21"|"SUCUMBIOS"|"2101"|"LAGO AGRIO"|\N|\N
"710"|"274"|"477"|"22"|"1 ESTRELLA"|"2"|"ALOJAMIENTO"|"17"|"HOSTAL"|"21"|"SUCUMBIOS"|"2101"|"LAGO AGRIO"|\N|\N
"711"|"82"|"110"|"23"|"2 ESTRELLAS"|"2"|"ALOJAMIENTO"|"17"|"HOSTAL"|"21"|"SUCUMBIOS"|"2101"|"LAGO AGRIO"|\N|\N
"712"|"77"|"154"|"26"|"5 ESTRELLAS"|"2"|"ALOJAMIENTO"|"20"|"HOTEL"|"21"|"SUCUMBIOS"|"2101"|"LAGO AGRIO"|\N|\N
"713"|"43"|"88"|"25"|"4 ESTRELLAS"|"2"|"ALOJAMIENTO"|"20"|"HOTEL"|"21"|"SUCUMBIOS"|"2101"|"LAGO AGRIO"|\N|\N
"714"|"215"|"318"|"24"|"3 ESTRELLAS"|"2"|"ALOJAMIENTO"|"20"|"HOTEL"|"21"|"SUCUMBIOS"|"2101"|"LAGO AGRIO"|\N|\N
"715"|"594"|"976"|"23"|"2 ESTRELLAS"|"2"|"ALOJAMIENTO"|"20"|"HOTEL"|"21"|"SUCUMBIOS"|"2101"|"LAGO AGRIO"|\N|\N
"716"|"12"|"23"|"21"|"UNICA"|"2"|"ALOJAMIENTO"|"9"|"CASA DE HUESPEDES"|"21"|"SUCUMBIOS"|"2103"|"PUTUMAYO"|\N|\N
"717"|"12"|"18"|"23"|"2 ESTRELLAS"|"2"|"ALOJAMIENTO"|"17"|"HOSTAL"|"21"|"SUCUMBIOS"|"2103"|"PUTUMAYO"|\N|\N
"718"|"15"|"25"|"22"|"1 ESTRELLA"|"2"|"ALOJAMIENTO"|"17"|"HOSTAL"|"21"|"SUCUMBIOS"|"2103"|"PUTUMAYO"|\N|\N
"719"|"38"|"43"|"23"|"2 ESTRELLAS"|"2"|"ALOJAMIENTO"|"17"|"HOSTAL"|"21"|"SUCUMBIOS"|"2103"|"PUTUMAYO"|\N|\N
"720"|"30"|"81"|"24"|"3 ESTRELLAS"|"2"|"ALOJAMIENTO"|"19"|"HOSTERIA"|"21"|"SUCUMBIOS"|"2103"|"PUTUMAYO"|\N|\N
"721"|"39"|"98"|"25"|"4 ESTRELLAS"|"2"|"ALOJAMIENTO"|"21"|"LODGE"|"21"|"SUCUMBIOS"|"2103"|"PUTUMAYO"|\N|\N
"722"|"33"|"51"|"24"|"3 ESTRELLAS"|"2"|"ALOJAMIENTO"|"17"|"HOSTAL"|"21"|"SUCUMBIOS"|"2104"|"SHUSHUFINDI"|\N|\N
"723"|"14"|"21"|"23"|"2 ESTRELLAS"|"2"|"ALOJAMIENTO"|"17"|"HOSTAL"|"21"|"SUCUMBIOS"|"2104"|"SHUSHUFINDI"|\N|\N
"724"|"109"|"197"|"22"|"1 ESTRELLA"|"2"|"ALOJAMIENTO"|"17"|"HOSTAL"|"21"|"SUCUMBIOS"|"2104"|"SHUSHUFINDI"|\N|\N
"725"|"17"|"17"|"23"|"2 ESTRELLAS"|"2"|"ALOJAMIENTO"|"17"|"HOSTAL"|"21"|"SUCUMBIOS"|"2104"|"SHUSHUFINDI"|\N|\N
"726"|"41"|"86"|"26"|"5 ESTRELLAS"|"2"|"ALOJAMIENTO"|"19"|"HOSTERIA"|"21"|"SUCUMBIOS"|"2104"|"SHUSHUFINDI"|\N|\N
"727"|"54"|"78"|"25"|"4 ESTRELLAS"|"2"|"ALOJAMIENTO"|"19"|"HOSTERIA"|"21"|"SUCUMBIOS"|"2104"|"SHUSHUFINDI"|\N|\N
"728"|"69"|"124"|"24"|"3 ESTRELLAS"|"2"|"ALOJAMIENTO"|"19"|"HOSTERIA"|"21"|"SUCUMBIOS"|"2104"|"SHUSHUFINDI"|\N|\N
"729"|"29"|"32"|"26"|"5 ESTRELLAS"|"2"|"ALOJAMIENTO"|"20"|"HOTEL"|"21"|"SUCUMBIOS"|"2104"|"SHUSHUFINDI"|\N|\N
"730"|"46"|"77"|"25"|"4 ESTRELLAS"|"2"|"ALOJAMIENTO"|"20"|"HOTEL"|"21"|"SUCUMBIOS"|"2104"|"SHUSHUFINDI"|\N|\N
"731"|"52"|"84"|"24"|"3 ESTRELLAS"|"2"|"ALOJAMIENTO"|"20"|"HOTEL"|"21"|"SUCUMBIOS"|"2104"|"SHUSHUFINDI"|\N|\N
"732"|"293"|"545"|"23"|"2 ESTRELLAS"|"2"|"ALOJAMIENTO"|"20"|"HOTEL"|"21"|"SUCUMBIOS"|"2104"|"SHUSHUFINDI"|\N|\N
"733"|"12"|"14"|"22"|"1 ESTRELLA"|"2"|"ALOJAMIENTO"|"17"|"HOSTAL"|"21"|"SUCUMBIOS"|"2105"|"SUCUMBIOS"|\N|\N
"734"|"17"|"28"|"23"|"2 ESTRELLAS"|"2"|"ALOJAMIENTO"|"20"|"HOTEL"|"21"|"SUCUMBIOS"|"2105"|"SUCUMBIOS"|\N|\N
"735"|"12"|"20"|"23"|"2 ESTRELLAS"|"2"|"ALOJAMIENTO"|"17"|"HOSTAL"|"22"|"ORELLANA"|"2202"|"AGUARICO"|\N|\N
"736"|"26"|"34"|"24"|"3 ESTRELLAS"|"2"|"ALOJAMIENTO"|"17"|"HOSTAL"|"22"|"ORELLANA"|"2203"|"LA JOYA DE LOS SACHAS"|\N|\N
"737"|"12"|"24"|"23"|"2 ESTRELLAS"|"2"|"ALOJAMIENTO"|"17"|"HOSTAL"|"22"|"ORELLANA"|"2203"|"LA JOYA DE LOS SACHAS"|\N|\N
"738"|"94"|"155"|"22"|"1 ESTRELLA"|"2"|"ALOJAMIENTO"|"17"|"HOSTAL"|"22"|"ORELLANA"|"2203"|"LA JOYA DE LOS SACHAS"|\N|\N
"739"|"33"|"88"|"23"|"2 ESTRELLAS"|"2"|"ALOJAMIENTO"|"17"|"HOSTAL"|"22"|"ORELLANA"|"2203"|"LA JOYA DE LOS SACHAS"|\N|\N
"740"|"4"|"8"|"25"|"4 ESTRELLAS"|"2"|"ALOJAMIENTO"|"19"|"HOSTERIA"|"22"|"ORELLANA"|"2203"|"LA JOYA DE LOS SACHAS"|\N|\N
"741"|"69"|"88"|"24"|"3 ESTRELLAS"|"2"|"ALOJAMIENTO"|"20"|"HOTEL"|"22"|"ORELLANA"|"2203"|"LA JOYA DE LOS SACHAS"|\N|\N
"742"|"224"|"395"|"23"|"2 ESTRELLAS"|"2"|"ALOJAMIENTO"|"20"|"HOTEL"|"22"|"ORELLANA"|"2203"|"LA JOYA DE LOS SACHAS"|\N|\N
"743"|"53"|"84"|"23"|"2 ESTRELLAS"|"2"|"ALOJAMIENTO"|"17"|"HOSTAL"|"22"|"ORELLANA"|"2204"|"LORETO"|\N|\N
"744"|"113"|"231"|"22"|"1 ESTRELLA"|"2"|"ALOJAMIENTO"|"17"|"HOSTAL"|"22"|"ORELLANA"|"2204"|"LORETO"|\N|\N
"745"|"46"|"63"|"23"|"2 ESTRELLAS"|"2"|"ALOJAMIENTO"|"17"|"HOSTAL"|"22"|"ORELLANA"|"2204"|"LORETO"|\N|\N
"746"|"6"|"12"|"25"|"4 ESTRELLAS"|"2"|"ALOJAMIENTO"|"19"|"HOSTERIA"|"22"|"ORELLANA"|"2204"|"LORETO"|\N|\N
"747"|"30"|"30"|"24"|"3 ESTRELLAS"|"2"|"ALOJAMIENTO"|"20"|"HOTEL"|"22"|"ORELLANA"|"2204"|"LORETO"|\N|\N
"748"|"11"|"22"|"21"|"UNICA"|"2"|"ALOJAMIENTO"|"8"|"CAMPAMENTO TURISTICO"|"22"|"ORELLANA"|"2201"|"ORELLANA"|\N|\N
"749"|"24"|"30"|"24"|"3 ESTRELLAS"|"2"|"ALOJAMIENTO"|"17"|"HOSTAL"|"22"|"ORELLANA"|"2201"|"ORELLANA"|\N|\N
"750"|"222"|"391"|"23"|"2 ESTRELLAS"|"2"|"ALOJAMIENTO"|"17"|"HOSTAL"|"22"|"ORELLANA"|"2201"|"ORELLANA"|\N|\N
"751"|"555"|"937"|"22"|"1 ESTRELLA"|"2"|"ALOJAMIENTO"|"17"|"HOSTAL"|"22"|"ORELLANA"|"2201"|"ORELLANA"|\N|\N
"752"|"89"|"160"|"23"|"2 ESTRELLAS"|"2"|"ALOJAMIENTO"|"17"|"HOSTAL"|"22"|"ORELLANA"|"2201"|"ORELLANA"|\N|\N
"753"|"64"|"104"|"24"|"3 ESTRELLAS"|"2"|"ALOJAMIENTO"|"19"|"HOSTERIA"|"22"|"ORELLANA"|"2201"|"ORELLANA"|\N|\N
"754"|"145"|"176"|"26"|"5 ESTRELLAS"|"2"|"ALOJAMIENTO"|"20"|"HOTEL"|"22"|"ORELLANA"|"2201"|"ORELLANA"|\N|\N
"755"|"81"|"111"|"25"|"4 ESTRELLAS"|"2"|"ALOJAMIENTO"|"20"|"HOTEL"|"22"|"ORELLANA"|"2201"|"ORELLANA"|\N|\N
"756"|"184"|"344"|"24"|"3 ESTRELLAS"|"2"|"ALOJAMIENTO"|"20"|"HOTEL"|"22"|"ORELLANA"|"2201"|"ORELLANA"|\N|\N
"757"|"274"|"537"|"23"|"2 ESTRELLAS"|"2"|"ALOJAMIENTO"|"20"|"HOTEL"|"22"|"ORELLANA"|"2201"|"ORELLANA"|\N|\N
"758"|"91"|"155"|"22"|"1 ESTRELLA"|"2"|"ALOJAMIENTO"|"17"|"HOSTAL"|"08"|"ESMERALDAS"|"0808"|"LA CONCORDIA"|\N|\N
"759"|"34"|"57"|"23"|"2 ESTRELLAS"|"2"|"ALOJAMIENTO"|"20"|"HOTEL"|"08"|"ESMERALDAS"|"0808"|"LA CONCORDIA"|\N|\N
"760"|"10"|"25"|"21"|"UNICA"|"2"|"ALOJAMIENTO"|"8"|"CAMPAMENTO TURISTICO"|"23"|"SANTO DOMINGO DE LOS TSACHILAS"|"2301"|"SANTO DOMINGO"|\N|\N
"761"|"95"|"171"|"24"|"3 ESTRELLAS"|"2"|"ALOJAMIENTO"|"17"|"HOSTAL"|"23"|"SANTO DOMINGO DE LOS TSACHILAS"|"2301"|"SANTO DOMINGO"|\N|\N
"762"|"212"|"419"|"23"|"2 ESTRELLAS"|"2"|"ALOJAMIENTO"|"17"|"HOSTAL"|"23"|"SANTO DOMINGO DE LOS TSACHILAS"|"2301"|"SANTO DOMINGO"|\N|\N
"763"|"1073"|"1749"|"22"|"1 ESTRELLA"|"2"|"ALOJAMIENTO"|"17"|"HOSTAL"|"23"|"SANTO DOMINGO DE LOS TSACHILAS"|"2301"|"SANTO DOMINGO"|\N|\N
"764"|"53"|"118"|"25"|"4 ESTRELLAS"|"2"|"ALOJAMIENTO"|"19"|"HOSTERIA"|"23"|"SANTO DOMINGO DE LOS TSACHILAS"|"2301"|"SANTO DOMINGO"|\N|\N
"765"|"91"|"220"|"24"|"3 ESTRELLAS"|"2"|"ALOJAMIENTO"|"19"|"HOSTERIA"|"23"|"SANTO DOMINGO DE LOS TSACHILAS"|"2301"|"SANTO DOMINGO"|\N|\N
"766"|"211"|"3354"|"25"|"4 ESTRELLAS"|"2"|"ALOJAMIENTO"|"20"|"HOTEL"|"23"|"SANTO DOMINGO DE LOS TSACHILAS"|"2301"|"SANTO DOMINGO"|\N|\N
"767"|"88"|"148"|"24"|"3 ESTRELLAS"|"2"|"ALOJAMIENTO"|"20"|"HOTEL"|"23"|"SANTO DOMINGO DE LOS TSACHILAS"|"2301"|"SANTO DOMINGO"|\N|\N
"768"|"479"|"791"|"23"|"2 ESTRELLAS"|"2"|"ALOJAMIENTO"|"20"|"HOTEL"|"23"|"SANTO DOMINGO DE LOS TSACHILAS"|"2301"|"SANTO DOMINGO"|\N|\N
"769"|"4"|"10"|"21"|"UNICA"|"2"|"ALOJAMIENTO"|"9"|"CASA DE HUESPEDES"|"24"|"SANTA ELENA"|"2402"|"LIBERTAD"|\N|\N
"770"|"32"|"114"|"24"|"3 ESTRELLAS"|"2"|"ALOJAMIENTO"|"17"|"HOSTAL"|"24"|"SANTA ELENA"|"2402"|"LIBERTAD"|\N|\N
"771"|"47"|"85"|"23"|"2 ESTRELLAS"|"2"|"ALOJAMIENTO"|"17"|"HOSTAL"|"24"|"SANTA ELENA"|"2402"|"LIBERTAD"|\N|\N
"772"|"92"|"219"|"22"|"1 ESTRELLA"|"2"|"ALOJAMIENTO"|"17"|"HOSTAL"|"24"|"SANTA ELENA"|"2402"|"LIBERTAD"|\N|\N
"773"|"39"|"73"|"25"|"4 ESTRELLAS"|"2"|"ALOJAMIENTO"|"20"|"HOTEL"|"24"|"SANTA ELENA"|"2402"|"LIBERTAD"|\N|\N
"774"|"72"|"219"|"24"|"3 ESTRELLAS"|"2"|"ALOJAMIENTO"|"20"|"HOTEL"|"24"|"SANTA ELENA"|"2402"|"LIBERTAD"|\N|\N
"775"|"149"|"316"|"23"|"2 ESTRELLAS"|"2"|"ALOJAMIENTO"|"20"|"HOTEL"|"24"|"SANTA ELENA"|"2402"|"LIBERTAD"|\N|\N
"776"|"4"|"4"|"21"|"UNICA"|"2"|"ALOJAMIENTO"|"8"|"CAMPAMENTO TURISTICO"|"24"|"SANTA ELENA"|"2403"|"SALINAS"|\N|\N
"777"|"19"|"47"|"21"|"UNICA"|"2"|"ALOJAMIENTO"|"9"|"CASA DE HUESPEDES"|"24"|"SANTA ELENA"|"2403"|"SALINAS"|\N|\N
"778"|"254"|"512"|"24"|"3 ESTRELLAS"|"2"|"ALOJAMIENTO"|"17"|"HOSTAL"|"24"|"SANTA ELENA"|"2403"|"SALINAS"|\N|\N
"779"|"236"|"505"|"23"|"2 ESTRELLAS"|"2"|"ALOJAMIENTO"|"17"|"HOSTAL"|"24"|"SANTA ELENA"|"2403"|"SALINAS"|\N|\N
"780"|"460"|"1242"|"22"|"1 ESTRELLA"|"2"|"ALOJAMIENTO"|"17"|"HOSTAL"|"24"|"SANTA ELENA"|"2403"|"SALINAS"|\N|\N
"781"|"16"|"50"|"24"|"3 ESTRELLAS"|"2"|"ALOJAMIENTO"|"17"|"HOSTAL"|"24"|"SANTA ELENA"|"2403"|"SALINAS"|\N|\N
"782"|"19"|"46"|"23"|"2 ESTRELLAS"|"2"|"ALOJAMIENTO"|"17"|"HOSTAL"|"24"|"SANTA ELENA"|"2403"|"SALINAS"|\N|\N
"783"|"117"|"231"|"24"|"3 ESTRELLAS"|"2"|"ALOJAMIENTO"|"19"|"HOSTERIA"|"24"|"SANTA ELENA"|"2403"|"SALINAS"|\N|\N
"784"|"129"|"307"|"26"|"5 ESTRELLAS"|"2"|"ALOJAMIENTO"|"20"|"HOTEL"|"24"|"SANTA ELENA"|"2403"|"SALINAS"|\N|\N
"785"|"166"|"296"|"25"|"4 ESTRELLAS"|"2"|"ALOJAMIENTO"|"20"|"HOTEL"|"24"|"SANTA ELENA"|"2403"|"SALINAS"|\N|\N
"786"|"349"|"871"|"24"|"3 ESTRELLAS"|"2"|"ALOJAMIENTO"|"20"|"HOTEL"|"24"|"SANTA ELENA"|"2403"|"SALINAS"|\N|\N
"787"|"685"|"1830"|"23"|"2 ESTRELLAS"|"2"|"ALOJAMIENTO"|"20"|"HOTEL"|"24"|"SANTA ELENA"|"2403"|"SALINAS"|\N|\N
"788"|"74"|"181"|"21"|"UNICA"|"2"|"ALOJAMIENTO"|"9"|"CASA DE HUESPEDES"|"24"|"SANTA ELENA"|"2401"|"SANTA ELENA"|\N|\N
"789"|"180"|"375"|"24"|"3 ESTRELLAS"|"2"|"ALOJAMIENTO"|"17"|"HOSTAL"|"24"|"SANTA ELENA"|"2401"|"SANTA ELENA"|\N|\N
"790"|"368"|"893"|"23"|"2 ESTRELLAS"|"2"|"ALOJAMIENTO"|"17"|"HOSTAL"|"24"|"SANTA ELENA"|"2401"|"SANTA ELENA"|\N|\N
"791"|"953"|"2650"|"22"|"1 ESTRELLA"|"2"|"ALOJAMIENTO"|"17"|"HOSTAL"|"24"|"SANTA ELENA"|"2401"|"SANTA ELENA"|\N|\N
"792"|"14"|"25"|"24"|"3 ESTRELLAS"|"2"|"ALOJAMIENTO"|"17"|"HOSTAL"|"24"|"SANTA ELENA"|"2401"|"SANTA ELENA"|\N|\N
"793"|"14"|"32"|"23"|"2 ESTRELLAS"|"2"|"ALOJAMIENTO"|"17"|"HOSTAL"|"24"|"SANTA ELENA"|"2401"|"SANTA ELENA"|\N|\N
"794"|"18"|"55"|"25"|"4 ESTRELLAS"|"2"|"ALOJAMIENTO"|"19"|"HOSTERIA"|"24"|"SANTA ELENA"|"2401"|"SANTA ELENA"|\N|\N
"795"|"375"|"1080"|"24"|"3 ESTRELLAS"|"2"|"ALOJAMIENTO"|"19"|"HOSTERIA"|"24"|"SANTA ELENA"|"2401"|"SANTA ELENA"|\N|\N
"796"|"89"|"221"|"25"|"4 ESTRELLAS"|"2"|"ALOJAMIENTO"|"20"|"HOTEL"|"24"|"SANTA ELENA"|"2401"|"SANTA ELENA"|\N|\N
"797"|"165"|"460"|"24"|"3 ESTRELLAS"|"2"|"ALOJAMIENTO"|"20"|"HOTEL"|"24"|"SANTA ELENA"|"2401"|"SANTA ELENA"|\N|\N
"798"|"445"|"1314"|"23"|"2 ESTRELLAS"|"2"|"ALOJAMIENTO"|"20"|"HOTEL"|"24"|"SANTA ELENA"|"2401"|"SANTA ELENA"|\N|\N
"799"|"198"|"456"|"26"|"5 ESTRELLAS"|"2"|"ALOJAMIENTO"|"29"|"RESORT"|"24"|"SANTA ELENA"|"2401"|"SANTA ELENA"|\N|\N
